Data do Atendimento,Nome Completo,CPF,Número,CEP,Data de Nascimento (Dono),Nome do Pet,Raça do Pet,Espécie do Pet,Data de Nascimento (Pet),Sexo do Pet,Peso (kg),Veterinário Responsável,Serviços Realizados,Forma de Pagamento,Valor do Serviço (R$),Observações Médicas
15/10/2025,Aylla Dias,836.917.254-73,(21) 98820-8679,24982-716,24/02/1992,Diego,Netherland Dwarf,Coelho,05/02/2024,Fêmea,"5,05",Dr. Lucas,Vacinação,Dinheiro,"136,09","Ferida cicatrizando, curativo semanal."
13/02/2025,Zoe Farias,036.279.518-59,(21) 96328-9320,23044-070,14/04/1993,Liz,Lop,Coelho,16/03/2019,Macho,"5,96",Dra. Julia,Exame de sangue,Crédito,"113,92",Sedação leve para procedimento indicado.
21/08/2025,Srta. Ana Clara Ribeiro,169.428.530-89,(21) 97556-2519,21584-367,12/10/2005,Marcelo,Anão russo,Hamster,09/10/2022,Macho,"0,23",Dra. Julia,Consulta com especialista,Pix,"272,92","Ferida cicatrizando, curativo semanal."
04/05/2025,Renan Machado,957.486.321-28,(21) 98297-8007,20158-114,31/01/1996,Amanda,Canário,Pássaro,21/12/2014,Fêmea,"1,87",Dra. Julia,Eutanásia,Débito,"294,92",Sinais de melhoria após tratamento.
21/10/2025,Gustavo Gonçalves,354.018.627-17,(21) 96958-8355,28749-244,01/08/1985,Eloah,Sírio,Hamster,24/11/2023,Macho,"0,14",Dra. Millena,Exame de fezes,Dinheiro,"113,90",Recomendada medicação antibiótica por 7 dias.
05/05/2025,Juan Da Cruz,793.248.501-05,(21) 96181-3185,25772-559,12/08/1980,Lara,SRD,Gato,09/06/2016,Macho,"6,97",Dra. Millena,Limpeza dental,Débito,"238,66","Vacinação atualizada, sem reações."
26/02/2025,Dr. Augusto Nunes,879.053.261-95,(21) 99281-4271,22267-893,08/03/1980,Lucas Gabriel,SRD,Cachorro,29/04/2021,Macho,"22,20",Dra. Julia,Eutanásia,Crédito,"453,50",Sinais de melhoria após tratamento.
27/10/2024,Alícia Borges,258.163.479-00,(21) 97633-8430,26815-747,01/06/1987,Stella,Labrador,Cachorro,15/11/2016,Fêmea,"39,60",Dra. Julia,Exame de fezes,Crédito,"89,19","Ferida cicatrizando, curativo semanal."
30/05/2025,Srta. Ana Liz Rios,745.289.016-76,(21) 97438-6724,22419-241,28/07/1992,Luan,Lop,Coelho,12/09/2021,Fêmea,"4,84",Dr. Lucas,Exame de fezes,Débito,"80,00",Encaminhado para especialista.
03/07/2025,Benjamin Barbosa,627.830.951-30,(21) 98659-5951,26689-119,03/06/1999,Anna Liz,Netherland Dwarf,Coelho,26/04/2025,Macho,"2,11",Dr. Lucas,Consulta com especialista,Crédito,"227,79",Necessário retorno para avaliação em 15 dias.
15/06/2025,Otto Freitas,180.736.294-96,(21) 96423-8381,25626-731,13/08/1980,Isaac,Ragdoll,Gato,05/04/2020,Fêmea,"7,29",Dra. Millena,Consulta com especialista,Pix,"226,64",Sedação leve para procedimento indicado.
25/02/2025,Lucas Gabriel Vargas,487.205.319-23,(21) 97837-9786,22296-432,04/07/1986,Ana Cecília,Anão russo,Hamster,07/11/2022,Macho,"0,15",Dra. Millena,Exame de fezes,Dinheiro,"65,10","Peso abaixo do ideal, sugerir dieta."
02/09/2025,Nathan Siqueira,165.387.024-90,(21) 97531-3504,22646-552,14/11/1963,Rael,Persa,Gato,20/08/2016,Fêmea,"5,63",Dr. Lucas,Internação diária,Débito,"149,33","Ferida cicatrizando, curativo semanal."
28/10/2025,Olivia Sá,938.176.524-37,(21) 98789-8354,25295-884,27/08/1969,Rebeca,SRD,Coelho,23/09/2019,Fêmea,"4,92",Dra. Millena,Banho e tosa,Pix,"65,75",Necessário retorno para avaliação em 15 dias.
15/09/2025,Leandro Fonseca,280.694.137-78,(21) 96681-4872,26658-497,08/10/1988,Vinicius,Papagaio,Pássaro,01/02/2007,Fêmea,"0,05",Dra. Millena,Consulta veterinária,Pix,"113,22",Sinais de melhoria após tratamento.
19/10/2025,Raul Pinto,462.587.310-07,(21) 96877-8953,28834-135,03/07/2002,Vitória,Papagaio,Pássaro,01/02/2018,Macho,"1,49",Dr. Lucas,Microchipagem,Crédito,"145,94","Vacinação atualizada, sem reações."
04/10/2025,Fernando Cunha,521.963.807-68,(21) 99573-8994,28864-036,18/12/1992,Thales,Ragdoll,Gato,12/05/2022,Fêmea,"6,30",Dra. Julia,Raio-X,Pix,"207,92",Sinais de melhoria após tratamento.
22/06/2025,Ian Câmara,160.839.452-24,(21) 96234-6138,20821-598,20/08/1984,Otto,Anão russo,Hamster,18/12/2022,Fêmea,"0,24",Dra. Millena,Consulta com especialista,Crédito,"314,70",Recomendada medicação antibiótica por 7 dias.
28/10/2024,Bella Carvalho,427.698.051-85,(21) 99538-8651,20887-689,20/09/1980,Gustavo,SRD,Gato,03/09/2024,Fêmea,"4,74",Dra. Millena,Limpeza dental,Dinheiro,"417,57","Paciente estável, sem sinais vitais alterados."
08/07/2025,Allana Camargo,832.714.065-53,(21) 97482-7543,23593-141,12/10/1998,Kamilly,Persa,Gato,15/07/2024,Fêmea,"7,95",Dra. Millena,Consulta com especialista,Débito,"265,72",Sedação leve para procedimento indicado.
14/10/2025,Kevin Campos,019.285.374-05,(21) 98342-7248,25881-588,27/10/1991,Marcos Vinicius,Papagaio,Pássaro,08/01/2007,Fêmea,"1,88",Dra. Millena,Microchipagem,Débito,"105,22","Vacinação atualizada, sem reações."
05/10/2025,Cauê Brito,860.742.591-94,(21) 97837-8685,20086-927,19/07/1992,Apollo,Anão russo,Hamster,25/02/2023,Fêmea,"0,27",Dra. Julia,Emergência 24h,Débito,"336,85",Recomendada medicação antibiótica por 7 dias.
05/10/2025,Nicole Costela,647.059.132-99,(21) 96516-2076,24505-639,10/11/1982,Melissa,Papagaio,Pássaro,19/02/2013,Fêmea,"0,41",Dra. Julia,Exame de fezes,Dinheiro,"94,28",Necessário retorno para avaliação em 15 dias.
30/01/2025,Leandro Fonseca,280.694.137-78,(21) 96681-4872,26658-497,08/10/1988,Vinicius,Papagaio,Pássaro,23/11/2014,Fêmea,"1,14",Dr. Lucas,Castração,Dinheiro,"360,52",Necessário retorno para avaliação em 15 dias.
09/04/2025,Alexandre Da Mota,231.647.508-62,(21) 98497-1986,21625-970,21/06/2006,Lívia,Golden Retriever,Cachorro,29/09/2011,Macho,"17,75",Dra. Millena,Exame de sangue,Dinheiro,"238,15",Sedação leve para procedimento indicado.
09/05/2025,Sr. Lorenzo Almeida,294.610.738-87,(21) 96982-3573,22847-565,09/04/2000,Antony,Anão russo,Hamster,29/02/2024,Fêmea,"0,08",Dra. Julia,Banho e tosa,Crédito,"64,21","Peso abaixo do ideal, sugerir dieta."
03/10/2025,Maria Rios,520.469.837-00,(21) 96374-1423,23750-984,13/01/1982,Hadassa,Persa,Gato,13/02/2016,Macho,"4,88",Dra. Millena,Limpeza dental,Crédito,"393,16",Recomendada medicação antibiótica por 7 dias.
19/10/2025,Mirella Freitas,208.937.456-00,(21) 99954-4020,20841-258,16/09/1964,Alexandre,Maine Coon,Gato,21/03/2023,Fêmea,"2,58",Dr. Lucas,Exame de fezes,Dinheiro,"93,11",Realizar exames laboratoriais complementares.
08/10/2025,Guilherme Vieira,184.295.630-24,(21) 96515-4990,23362-070,21/07/2001,Diogo,Papagaio,Pássaro,08/12/2010,Macho,"1,73",Dra. Millena,Internação diária,Crédito,"235,21","Paciente estável, sem sinais vitais alterados."
27/10/2024,Sr. João Gabriel Viana,501.378.269-40,(21) 99229-6850,21106-353,17/09/1980,Theo,Sírio,Hamster,25/08/2023,Fêmea,"0,19",Dr. Lucas,Consulta com especialista,Crédito,"339,06",Necessário retorno para avaliação em 15 dias.
06/04/2025,Juan Da Cruz,793.248.501-05,(21) 96181-3185,25772-559,12/08/1980,Lara,SRD,Gato,13/04/2018,Macho,"5,00",Dra. Julia,Consulta veterinária,Pix,"103,70",Realizar exames laboratoriais complementares.
14/07/2025,Juan Duarte,104.638.257-80,(21) 97109-8434,25023-257,29/05/1994,Isabela,Periquito,Pássaro,27/07/2009,Macho,"0,89",Dra. Millena,Banho e tosa,Pix,"125,93","Vacinação atualizada, sem reações."
01/10/2025,Benjamin Barbosa,627.830.951-30,(21) 98659-5951,26689-119,03/06/1999,Anna Liz,Netherland Dwarf,Coelho,11/04/2022,Macho,"5,71",Dra. Millena,Ultrassonografia,Dinheiro,"371,17",Sedação leve para procedimento indicado.
29/05/2025,Anna Liz Freitas,823.145.967-73,(21) 99851-9991,28647-433,09/07/1991,Emanuella,SRD,Cachorro,16/07/2010,Fêmea,"9,12",Dr. Lucas,Exame de sangue,Dinheiro,"116,90","Ferida cicatrizando, curativo semanal."
13/10/2025,Srta. Maria Alice Viana,510.367.982-59,(21) 97265-1645,27222-034,20/09/1996,Rhavi,Sírio,Hamster,04/12/2022,Fêmea,"0,08",Dra. Millena,Banho e tosa,Débito,"72,59","Peso abaixo do ideal, sugerir dieta."
01/05/2025,Dr. Pedro Miguel Teixeira,596.407.123-61,(21) 97716-9850,22531-906,28/02/1997,Emanuelly,Shih Tzu,Cachorro,02/12/2010,Macho,"35,90",Dr. Lucas,Castração,Dinheiro,"307,37","Paciente estável, sem sinais vitais alterados."
18/08/2025,Esther Duarte,418.965.370-57,(21) 99506-4826,26730-044,12/11/1984,Hadassa,Maine Coon,Gato,04/03/2017,Fêmea,"2,82",Dra. Millena,Exame de sangue,Crédito,"194,80",Necessário retorno para avaliação em 15 dias.
11/06/2025,Dr. Bruno Farias,026.751.948-67,(21) 99935-8102,25934-650,16/11/1964,Lunna,Anão russo,Hamster,16/04/2023,Macho,"0,08",Dra. Millena,Microchipagem,Crédito,"82,43",Realizar exames laboratoriais complementares.
19/05/2025,Vitória Castro,980.527.461-67,(21) 97794-7118,28479-462,05/10/1993,Nina,Periquito,Pássaro,13/08/2023,Macho,"1,94",Dr. Lucas,Exame de sangue,Dinheiro,"101,97","Ferida cicatrizando, curativo semanal."
06/05/2025,Jade Silva,729.810.645-76,(21) 99407-8538,25928-090,04/07/1997,Luiz Fernando,Ragdoll,Gato,28/03/2018,Macho,"3,20",Dra. Julia,Ultrassonografia,Débito,"317,49",Sedação leve para procedimento indicado.
26/05/2025,Alexandre Da Mota,231.647.508-62,(21) 98497-1986,21625-970,21/06/2006,Rafaela,Canário,Pássaro,31/10/2024,Macho,"1,55",Dra. Millena,Eutanásia,Dinheiro,"282,79",Recomendada medicação antibiótica por 7 dias.
08/09/2025,Maitê Cirino,509.286.314-51,(21) 99238-2479,26464-014,18/03/1997,Sarah,Lop,Coelho,24/03/2018,Macho,"4,09",Dra. Julia,Castração,Dinheiro,"599,91","Vacinação atualizada, sem reações."
20/05/2025,Sr. Liam Da Costa,529.678.410-30,(21) 98446-7240,28692-301,03/04/1981,Lavínia,Netherland Dwarf,Coelho,06/01/2020,Macho,"1,10",Dra. Julia,Emergência 24h,Crédito,"248,53",Encaminhado para especialista.
15/08/2025,Pedro Brito,654.213.079-99,(21) 96329-8172,20653-910,02/01/1990,Raul,Periquito,Pássaro,22/02/2025,Macho,"1,22",Dra. Millena,Banho e tosa,Dinheiro,"94,41",Sedação leve para procedimento indicado.
04/07/2025,Maria Helena Peixoto,109.756.328-68,(21) 99452-6313,20916-234,12/04/2004,Mirella,Sírio,Hamster,22/08/2022,Fêmea,"0,17",Dra. Millena,Raio-X,Crédito,"214,73",Necessário retorno para avaliação em 15 dias.
12/09/2025,Gael Henrique Pereira,912.037.458-50,(21) 97440-6119,21697-591,05/12/1995,Emanuel,Shih Tzu,Cachorro,14/03/2025,Macho,"5,69",Dra. Millena,Castração,Crédito,"779,31",Necessário retorno para avaliação em 15 dias.
11/03/2025,Ravi Campos,932.740.856-00,(21) 99437-4266,20333-636,08/03/1996,Maria Vitória,Labrador,Cachorro,09/01/2022,Fêmea,"32,08",Dr. Lucas,Castração,Débito,"421,42",Sedação leve para procedimento indicado.
15/10/2025,Arthur Pires,034.712.865-35,(21) 96918-6733,21124-799,26/10/1978,José Pedro,Sphynx,Gato,27/09/2009,Macho,"3,76",Dra. Julia,Eutanásia,Pix,"469,51","Paciente estável, sem sinais vitais alterados."
23/10/2025,Thales Peixoto,687.194.203-31,(21) 99905-7132,22500-703,25/09/1977,Leandro,Sírio,Hamster,03/08/2023,Fêmea,"0,07",Dr. Lucas,Emergência 24h,Crédito,"243,11",Necessário retorno para avaliação em 15 dias.
16/02/2025,Olívia Da Luz,058.793.246-56,(21) 96118-5381,22955-279,14/05/2005,Beatriz,SRD,Coelho,15/10/2019,Fêmea,"3,87",Dra. Julia,Limpeza dental,Crédito,"305,87",Sinais de melhoria após tratamento.
03/04/2025,Emanuel Viana,296.018.347-96,(21) 96634-8973,23111-303,13/01/1999,Isaac,Papagaio,Pássaro,27/12/2013,Fêmea,"0,48",Dra. Millena,Internação diária,Dinheiro,"149,64",Sinais de melhoria após tratamento.
29/07/2025,Otávio Câmara,936.871.420-78,(21) 98001-9280,24114-927,24/09/1978,Alana,Netherland Dwarf,Coelho,09/09/2023,Fêmea,"5,97",Dra. Millena,Internação diária,Crédito,"248,84","Ferida cicatrizando, curativo semanal."
23/06/2025,Sra. Gabrielly Rodrigues,418.597.260-11,(21) 98982-7596,25559-819,05/08/1972,Thales,Maine Coon,Gato,28/01/2019,Macho,"4,14",Dra. Millena,Raio-X,Pix,"167,75","Paciente estável, sem sinais vitais alterados."
07/10/2025,Letícia Porto,270.569.148-02,(21) 97084-3340,22287-252,23/06/2001,Mariane,Periquito,Pássaro,31/08/2012,Macho,"0,38",Dr. Lucas,Internação diária,Crédito,"173,93","Ferida cicatrizando, curativo semanal."
12/11/2024,Yasmin Alves,670.329.148-96,(21) 99225-3608,21771-391,23/07/1964,José,Sírio,Hamster,06/11/2023,Macho,"0,04",Dra. Millena,Vacinação,Crédito,"161,56",Sedação leve para procedimento indicado.
17/10/2025,Benjamin Barbosa,627.830.951-30,(21) 98659-5951,26689-119,03/06/1999,Anna Liz,Netherland Dwarf,Coelho,10/07/2020,Macho,"1,09",Dr. Lucas,Banho e tosa,Crédito,"63,33","Ferida cicatrizando, curativo semanal."
27/07/2025,Aylla Dias,836.917.254-73,(21) 98820-8679,24982-716,24/02/1992,Diego,Netherland Dwarf,Coelho,24/12/2022,Fêmea,"5,66",Dra. Millena,Vacinação,Débito,"144,40","Peso abaixo do ideal, sugerir dieta."
08/11/2024,Daniel Araújo,839.540.721-14,(21) 97920-2118,27245-646,09/01/1992,Pietra,Canário,Pássaro,15/11/2009,Fêmea,"0,34",Dra. Julia,Ultrassonografia,Crédito,"194,22","Paciente estável, sem sinais vitais alterados."
09/07/2025,Maria Sophia Leão,627.198.530-03,(21) 99458-5846,21657-519,16/10/2001,Maysa,Calopsita,Pássaro,11/08/2005,Macho,"1,32",Dr. Lucas,Exame de sangue,Pix,"205,70",Recomendada medicação antibiótica por 7 dias.
04/10/2025,Théo Carvalho,860.791.243-78,(21) 99470-4674,21773-358,06/09/2004,Nina,Periquito,Pássaro,26/06/2008,Fêmea,"1,56",Dra. Julia,Banho e tosa,Dinheiro,"74,84",Sedação leve para procedimento indicado.
17/10/2025,Thales Martins,124.967.580-49,(21) 99826-6568,28318-273,04/06/2005,Pedro Henrique,Poodle,Cachorro,25/12/2012,Macho,"29,68",Dr. Lucas,Microchipagem,Crédito,"124,74",Necessário retorno para avaliação em 15 dias.
12/03/2025,Aylla Dias,836.917.254-73,(21) 98820-8679,24982-716,24/02/1992,Diego,Netherland Dwarf,Coelho,23/02/2023,Fêmea,"4,18",Dra. Millena,Raio-X,Débito,"296,70",Recomendada medicação antibiótica por 7 dias.
05/03/2025,Igor Melo,481.325.697-09,(21) 96518-9751,24494-046,18/06/1962,Fernando,Anão russo,Hamster,01/11/2024,Fêmea,"0,29",Dra. Millena,Consulta com especialista,Débito,"229,88","Vacinação atualizada, sem reações."
24/08/2025,Maria Helena Peixoto,109.756.328-68,(21) 99452-6313,20916-234,12/04/2004,Maya,Maine Coon,Gato,29/03/2015,Macho,"4,13",Dr. Lucas,Ultrassonografia,Dinheiro,"260,76",Necessário retorno para avaliação em 15 dias.
27/02/2025,Sr. Liam Da Costa,529.678.410-30,(21) 98446-7240,28692-301,03/04/1981,Kamilly,Sírio,Hamster,09/02/2024,Fêmea,"0,16",Dra. Millena,Microchipagem,Pix,"120,34",Encaminhado para especialista.
09/10/2025,Davi Lucca Garcia,248.905.361-24,(21) 96497-8941,20472-996,08/11/1992,Sofia,Anão russo,Hamster,31/08/2023,Fêmea,"0,23",Dra. Millena,Internação diária,Dinheiro,"190,71",Sinais de melhoria após tratamento.
11/10/2025,Emanuel Viana,296.018.347-96,(21) 96634-8973,23111-303,13/01/1999,Isaac,Papagaio,Pássaro,21/10/2013,Fêmea,"1,95",Dra. Millena,Raio-X,Dinheiro,"279,41","Ferida cicatrizando, curativo semanal."
09/10/2025,Luísa Nunes,687.059.143-10,(21) 99427-2816,28189-611,20/02/1980,Kaique,Golden Retriever,Cachorro,29/10/2013,Macho,"39,50",Dra. Julia,Microchipagem,Crédito,"128,21","Peso abaixo do ideal, sugerir dieta."
16/10/2025,Alícia Teixeira,695.437.081-93,(21) 99541-4878,22662-999,06/04/2007,João Gabriel,Papagaio,Pássaro,24/06/2018,Macho,"0,42",Dr. Lucas,Consulta veterinária,Dinheiro,"143,74","Paciente estável, sem sinais vitais alterados."
23/10/2025,Maria Helena Rocha,659.824.103-06,(21) 96873-9808,28288-271,03/10/1989,Noah,Sírio,Hamster,19/09/2025,Macho,"0,19",Dr. Lucas,Consulta veterinária,Débito,"167,27",Sedação leve para procedimento indicado.
16/10/2025,Lucas Gabriel Da Cruz,643.079.128-96,(21) 97558-9561,27381-930,04/04/1982,Eduardo,Canário,Pássaro,02/05/2009,Macho,"1,54",Dra. Julia,Ultrassonografia,Pix,"317,82","Vacinação atualizada, sem reações."
27/10/2025,Emanuella Aparecida,972.036.854-38,(21) 98718-7325,22492-507,27/02/1975,Clara,Anão russo,Hamster,19/07/2024,Macho,"0,15",Dr. Lucas,Exame de fezes,Crédito,"108,91","Paciente estável, sem sinais vitais alterados."
21/10/2025,Maria Luísa Camargo,085.419.327-88,(21) 96420-9042,20200-587,28/03/1985,Gabriel,SRD,Coelho,20/05/2020,Fêmea,"4,73",Dra. Millena,Exame de sangue,Débito,"156,97","Ferida cicatrizando, curativo semanal."
29/08/2025,Emilly Cavalcante,045.231.867-07,(21) 99073-4995,27613-583,19/05/1988,Ana Julia,SRD,Coelho,27/10/2022,Macho,"4,31",Dra. Julia,Raio-X,Crédito,"181,59","Paciente estável, sem sinais vitais alterados."
11/10/2025,Cauê Brito,860.742.591-94,(21) 97837-8685,20086-927,19/07/1992,Caio,SRD,Coelho,14/09/2022,Fêmea,"4,03",Dra. Millena,Exame de sangue,Dinheiro,"189,45","Paciente estável, sem sinais vitais alterados."
15/10/2025,Alexandre Da Mota,231.647.508-62,(21) 98497-1986,21625-970,21/06/2006,Rael,Pinscher,Cachorro,07/03/2017,Macho,"23,50",Dr. Lucas,Ultrassonografia,Dinheiro,"193,61","Peso abaixo do ideal, sugerir dieta."
27/01/2025,Murilo Teixeira,658.701.243-44,(21) 98424-7455,20444-085,14/03/1996,Alice,Calopsita,Pássaro,22/02/2010,Macho,"0,52",Dra. Millena,Microchipagem,Dinheiro,"132,48","Vacinação atualizada, sem reações."
14/09/2025,Olivia Sá,938.176.524-37,(21) 98789-8354,25295-884,27/08/1969,Cecilia,Golden Retriever,Cachorro,23/11/2020,Fêmea,"5,79",Dra. Millena,Eutanásia,Pix,"436,38",Necessário retorno para avaliação em 15 dias.
29/09/2025,Allana Camargo,832.714.065-53,(21) 97482-7543,23593-141,12/10/1998,Lívia,Siamês,Gato,18/10/2023,Fêmea,"4,50",Dra. Millena,Ultrassonografia,Débito,"249,07","Ferida cicatrizando, curativo semanal."
09/04/2025,Thomas Monteiro,894.573.610-75,(21) 98986-9751,24010-167,15/12/1991,Mathias,Lop,Coelho,16/09/2017,Fêmea,"3,89",Dra. Millena,Ultrassonografia,Pix,"252,84","Paciente estável, sem sinais vitais alterados."
20/10/2025,Sr. Arthur Dias,069.342.187-87,(21) 99871-8237,25661-601,20/11/1986,Rafaela,Netherland Dwarf,Coelho,15/08/2018,Macho,"3,15",Dra. Millena,Raio-X,Dinheiro,"241,26","Peso abaixo do ideal, sugerir dieta."
27/09/2025,Henrique Teixeira,374.601.982-69,(21) 98932-4257,28928-429,20/06/1982,Lucas Gabriel,Poodle,Cachorro,13/06/2014,Macho,"32,61",Dra. Julia,Raio-X,Débito,"183,82","Peso abaixo do ideal, sugerir dieta."
02/10/2025,Davi Lucca Garcia,248.905.361-24,(21) 96497-8941,20472-996,08/11/1992,Sofia,Anão russo,Hamster,18/04/2024,Fêmea,"0,07",Dra. Millena,Limpeza dental,Dinheiro,"436,16","Peso abaixo do ideal, sugerir dieta."
22/06/2025,Maitê Cirino,509.286.314-51,(21) 99238-2479,26464-014,18/03/1997,Sarah,Lop,Coelho,06/05/2020,Macho,"5,26",Dr. Lucas,Raio-X,Dinheiro,"170,84",Sinais de melhoria após tratamento.
08/08/2025,Luna Da Costa,738.601.254-35,(21) 98437-3112,21388-317,25/05/1980,Sabrina,Calopsita,Pássaro,07/07/2018,Macho,"1,23",Dra. Julia,Internação diária,Débito,"216,78","Ferida cicatrizando, curativo semanal."
07/10/2025,Bryan Moura,832.790.641-04,(21) 96897-6772,23115-635,20/12/1995,Cauê,Sírio,Hamster,18/06/2024,Macho,"0,07",Dr. Lucas,Exame de sangue,Débito,"245,49","Peso abaixo do ideal, sugerir dieta."
10/10/2025,Augusto Duarte,169.850.347-48,(21) 97784-8616,24397-330,21/06/1977,Liz,Sírio,Hamster,30/06/2023,Fêmea,"0,05",Dra. Julia,Castração,Crédito,"355,71","Peso abaixo do ideal, sugerir dieta."
22/08/2025,Sra. Maria Liz Rios,297.418.306-96,(21) 98440-7252,27668-541,04/11/1983,Bento,SRD,Coelho,27/02/2025,Macho,"3,88",Dr. Lucas,Vacinação,Crédito,"133,21",Necessário retorno para avaliação em 15 dias.
23/10/2025,Sr. Liam Da Costa,529.678.410-30,(21) 98446-7240,28692-301,03/04/1981,Lavínia,Netherland Dwarf,Coelho,09/03/2018,Macho,"4,80",Dr. Lucas,Consulta veterinária,Pix,"126,61",Encaminhado para especialista.
03/10/2025,Maria Clara Castro,341.670.952-70,(21) 96511-9785,26201-080,29/12/1979,Manuella,Anão russo,Hamster,29/01/2024,Macho,"0,03",Dra. Millena,Consulta veterinária,Crédito,"191,16","Vacinação atualizada, sem reações."
07/02/2025,Ravi Porto,216.458.390-60,(21) 99485-9098,25325-186,28/06/1989,Francisco,Sírio,Hamster,26/08/2022,Fêmea,"0,07",Dra. Julia,Eutanásia,Pix,"373,17","Vacinação atualizada, sem reações."
07/10/2025,Raul Pinto,462.587.310-07,(21) 96877-8953,28834-135,03/07/2002,Bryan,Anão russo,Hamster,08/05/2024,Fêmea,"0,19",Dra. Julia,Raio-X,Débito,"274,85",Necessário retorno para avaliação em 15 dias.
27/10/2025,Henrique Teixeira,374.601.982-69,(21) 98932-4257,28928-429,20/06/1982,Mariana,Anão russo,Hamster,10/02/2023,Macho,"0,07",Dra. Julia,Microchipagem,Dinheiro,"107,83","Peso abaixo do ideal, sugerir dieta."
13/10/2025,Henrique Sousa,431.572.098-41,(21) 97697-8461,23185-735,18/04/1985,Emilly,Anão russo,Hamster,19/11/2022,Macho,"0,22",Dra. Julia,Ultrassonografia,Dinheiro,"224,37","Ferida cicatrizando, curativo semanal."
09/10/2025,Zoe Almeida,036.548.971-93,(21) 96033-5497,20803-932,15/06/1985,Ana Carolina,Papagaio,Pássaro,26/09/2015,Fêmea,"1,48",Dr. Lucas,Ultrassonografia,Pix,"221,59",Necessário retorno para avaliação em 15 dias.
13/04/2025,Thales Martins,124.967.580-49,(21) 99826-6568,28318-273,04/06/2005,Pedro Henrique,Poodle,Cachorro,05/11/2022,Macho,"31,53",Dr. Lucas,Castração,Crédito,"539,56",Encaminhado para especialista.
05/07/2025,Otávio Ferreira,740.329.158-14,(21) 99723-8368,23084-329,23/08/1984,Esther,Calopsita,Pássaro,10/09/2016,Macho,"0,04",Dra. Julia,Consulta veterinária,Débito,"164,51","Paciente estável, sem sinais vitais alterados."
03/09/2025,José Costa,824.169.537-37,(21) 99038-3076,26897-538,07/03/1998,Pedro,Siamês,Gato,02/02/2024,Fêmea,"7,96",Dr. Lucas,Ultrassonografia,Dinheiro,"334,32",Recomendada medicação antibiótica por 7 dias.
14/09/2025,Vitória Novais,287.041.653-90,(21) 96180-5533,20058-341,13/08/2005,Ayla,Maine Coon,Gato,05/04/2017,Macho,"4,69",Dr. Lucas,Internação diária,Pix,"145,23","Peso abaixo do ideal, sugerir dieta."
04/10/2025,Lucas Da Conceição,320.845.917-32,(21) 98913-2680,28452-871,15/08/1998,Levi,Papagaio,Pássaro,26/12/2017,Macho,"0,60",Dr. Lucas,Internação diária,Dinheiro,"187,97","Paciente estável, sem sinais vitais alterados."
21/10/2025,Ian Câmara,160.839.452-24,(21) 96234-6138,20821-598,20/08/1984,Otto,Anão russo,Hamster,08/10/2023,Fêmea,"0,05",Dr. Lucas,Limpeza dental,Crédito,"344,35",Encaminhado para especialista.
06/10/2025,Miguel Albuquerque,517.089.324-88,(21) 99410-2647,23180-303,05/06/1995,Liz,Ragdoll,Gato,04/11/2012,Macho,"6,42",Dra. Julia,Raio-X,Dinheiro,"297,44",Realizar exames laboratoriais complementares.
29/09/2025,Thomas Monteiro,894.573.610-75,(21) 98986-9751,24010-167,15/12/1991,Mathias,Lop,Coelho,04/05/2022,Fêmea,"3,13",Dra. Julia,Microchipagem,Dinheiro,"146,23",Recomendada medicação antibiótica por 7 dias.
05/04/2025,Vitória Novais,287.041.653-90,(21) 96180-5533,20058-341,13/08/2005,Lucca,Sphynx,Gato,11/06/2008,Macho,"7,65",Dra. Millena,Raio-X,Dinheiro,"202,83",Sedação leve para procedimento indicado.
19/07/2025,Mathias Jesus,378.465.192-55,(21) 99580-2644,27213-102,01/11/1986,Liz,Lop,Coelho,23/11/2024,Macho,"2,67",Dr. Lucas,Exame de fezes,Débito,"110,86","Peso abaixo do ideal, sugerir dieta."
17/06/2025,Augusto Duarte,169.850.347-48,(21) 97784-8616,24397-330,21/06/1977,Liz,Sírio,Hamster,24/02/2025,Fêmea,"0,23",Dra. Julia,Vacinação,Pix,"174,46",Recomendada medicação antibiótica por 7 dias.
20/10/2025,Augusto Duarte,169.850.347-48,(21) 97784-8616,24397-330,21/06/1977,Nathan,Persa,Gato,05/12/2008,Macho,"3,26",Dra. Millena,Limpeza dental,Pix,"409,70","Vacinação atualizada, sem reações."
26/10/2025,Maria Alice Araújo,537.812.049-79,(21) 96348-5978,24066-121,02/01/1987,Maria Liz,SRD,Coelho,01/05/2024,Macho,"2,05",Dr. Lucas,Limpeza dental,Pix,"407,25",Recomendada medicação antibiótica por 7 dias.
29/09/2025,Luna Pereira,469.783.502-65,(21) 97953-7232,20096-965,07/04/1988,Maya,Netherland Dwarf,Coelho,07/06/2020,Fêmea,"4,12",Dr. Lucas,Banho e tosa,Crédito,"126,11","Peso abaixo do ideal, sugerir dieta."
19/05/2025,Ana Araújo,581.347.029-88,(21) 98815-2166,23824-946,13/01/1980,Caroline,Anão russo,Hamster,20/03/2023,Macho,"0,18",Dr. Lucas,Castração,Dinheiro,"409,61",Encaminhado para especialista.
05/10/2025,Maria Rios,520.469.837-00,(21) 96374-1423,23750-984,13/01/1982,Hadassa,Persa,Gato,17/10/2019,Macho,"6,86",Dra. Millena,Exame de sangue,Crédito,"213,59",Encaminhado para especialista.
06/10/2025,Anna Liz Freitas,823.145.967-73,(21) 99851-9991,28647-433,09/07/1991,Maria Julia,Poodle,Cachorro,12/10/2010,Macho,"25,32",Dra. Julia,Exame de sangue,Crédito,"235,04",Sedação leve para procedimento indicado.
16/10/2025,Agatha Ribeiro,807.925.461-30,(21) 97065-1823,26211-335,19/05/1990,Bárbara,Bulldog,Cachorro,28/01/2024,Macho,"31,25",Dra. Millena,Banho e tosa,Débito,"128,77",Encaminhado para especialista.
29/09/2025,Zoe Farias,036.279.518-59,(21) 96328-9320,23044-070,14/04/1993,Liz,Lop,Coelho,13/04/2025,Macho,"5,17",Dr. Lucas,Microchipagem,Pix,"91,69","Vacinação atualizada, sem reações."
16/06/2025,João Miguel Rocha,678.321.045-62,(21) 97892-9889,26770-055,24/12/1988,João Pedro,Calopsita,Pássaro,02/12/2010,Fêmea,"0,32",Dra. Millena,Consulta com especialista,Débito,"198,26",Necessário retorno para avaliação em 15 dias.
15/08/2025,Sr. João Gabriel Viana,501.378.269-40,(21) 99229-6850,21106-353,17/09/1980,Theo,Sírio,Hamster,09/11/2023,Fêmea,"0,04",Dra. Millena,Limpeza dental,Pix,"223,54",Realizar exames laboratoriais complementares.
28/04/2025,Alexandre Da Mota,231.647.508-62,(21) 98497-1986,21625-970,21/06/2006,Lívia,Golden Retriever,Cachorro,19/09/2012,Macho,"31,75",Dra. Julia,Consulta com especialista,Dinheiro,"331,61","Paciente estável, sem sinais vitais alterados."
03/10/2025,Isaque Cavalcanti,901.675.238-21,(21) 97124-4919,27206-079,17/06/2006,Davi Lucas,Canário,Pássaro,20/08/2007,Macho,"1,50",Dra. Millena,Exame de fezes,Pix,"60,55","Vacinação atualizada, sem reações."
05/09/2025,Thales Peixoto,687.194.203-31,(21) 99905-7132,22500-703,25/09/1977,Stephany,Anão russo,Hamster,08/03/2024,Fêmea,"0,14",Dra. Millena,Raio-X,Pix,"275,15",Realizar exames laboratoriais complementares.
22/10/2025,Srta. Sara Moreira,125.387.904-41,(21) 96134-5583,26070-222,05/05/1993,Zoe,SRD,Cachorro,11/01/2011,Macho,"7,01",Dra. Millena,Vacinação,Dinheiro,"171,41",Realizar exames laboratoriais complementares.
26/10/2025,Gael Henrique Pereira,912.037.458-50,(21) 97440-6119,21697-591,05/12/1995,Emanuel,Shih Tzu,Cachorro,19/09/2017,Macho,"19,27",Dra. Julia,Banho e tosa,Débito,"97,85","Ferida cicatrizando, curativo semanal."
12/07/2025,Daniel Araújo,839.540.721-14,(21) 97920-2118,27245-646,09/01/1992,Pietra,Canário,Pássaro,02/04/2009,Fêmea,"0,10",Dra. Julia,Banho e tosa,Crédito,"70,42","Ferida cicatrizando, curativo semanal."
28/04/2025,Ana Beatriz Barbosa,528.943.170-50,(21) 99811-6727,20436-424,01/05/1984,Gustavo,Pinscher,Cachorro,03/07/2016,Fêmea,"8,31",Dr. Lucas,Eutanásia,Crédito,"434,70",Realizar exames laboratoriais complementares.
08/05/2025,Leandro Fonseca,280.694.137-78,(21) 96681-4872,26658-497,08/10/1988,Erick,Siamês,Gato,27/05/2020,Fêmea,"2,18",Dr. Lucas,Exame de sangue,Dinheiro,"112,52",Sinais de melhoria após tratamento.
21/10/2025,Vitória Novais,287.041.653-90,(21) 96180-5533,20058-341,13/08/2005,Lucca,Sphynx,Gato,03/01/2011,Macho,"7,60",Dr. Lucas,Raio-X,Pix,"160,17","Vacinação atualizada, sem reações."
14/10/2025,Isabella Da Cruz,738.642.509-00,(21) 96903-1744,26475-613,05/06/1994,Samuel,Siamês,Gato,19/03/2016,Fêmea,"4,87",Dra. Millena,Consulta veterinária,Débito,"150,25","Vacinação atualizada, sem reações."
29/09/2025,Augusto Vieira,792.610.345-43,(21) 97052-3695,27894-990,06/09/2004,Rodrigo,Ragdoll,Gato,02/03/2019,Fêmea,"6,72",Dr. Lucas,Castração,Débito,"434,89",Encaminhado para especialista.
27/10/2025,Vinicius Marques,270.145.986-94,(21) 96282-7071,28289-663,03/03/1987,Josué,Lop,Coelho,16/05/2022,Fêmea,"1,46",Dra. Julia,Emergência 24h,Pix,"383,58",Realizar exames laboratoriais complementares.
15/03/2025,Sr. Danilo Vasconcelos,239.850.167-12,(21) 96156-5349,21776-610,29/03/1990,Mariana,Lop,Coelho,30/08/2018,Macho,"4,54",Dra. Millena,Consulta com especialista,Crédito,"292,01","Vacinação atualizada, sem reações."
18/11/2024,Olivia Sá,938.176.524-37,(21) 98789-8354,25295-884,27/08/1969,Rebeca,SRD,Coelho,06/07/2023,Fêmea,"1,71",Dra. Julia,Exame de sangue,Crédito,"194,70","Paciente estável, sem sinais vitais alterados."
23/10/2025,Sra. Sofia Das Neves,356.082.497-47,(21) 97295-8491,21188-009,19/09/1982,Noah,Sírio,Hamster,30/10/2023,Macho,"0,11",Dra. Millena,Eutanásia,Pix,"482,04","Peso abaixo do ideal, sugerir dieta."
25/10/2025,Raul Nascimento,518.302.467-71,(21) 98859-3615,26924-348,18/05/1994,Alícia,Sírio,Hamster,04/10/2023,Macho,"0,11",Dra. Julia,Internação diária,Débito,"216,18",Recomendada medicação antibiótica por 7 dias.
20/11/2024,Lorenzo Da Paz,209.356.478-56,(21) 96529-3878,26229-545,22/01/2001,Maria,Persa,Gato,07/03/2017,Fêmea,"2,48",Dra. Julia,Consulta com especialista,Dinheiro,"310,31","Vacinação atualizada, sem reações."
25/10/2025,Renan Machado,957.486.321-28,(21) 98297-8007,20158-114,31/01/1996,Vitor,SRD,Cachorro,01/02/2025,Fêmea,"4,16",Dra. Millena,Exame de fezes,Crédito,"88,79",Encaminhado para especialista.
08/12/2024,Isaque Cavalcanti,901.675.238-21,(21) 97124-4919,27206-079,17/06/2006,Davi Lucas,Canário,Pássaro,22/05/2021,Macho,"1,02",Dr. Lucas,Consulta com especialista,Pix,"332,50","Peso abaixo do ideal, sugerir dieta."
13/10/2025,Ana Sophia Machado,467.935.081-48,(21) 98212-3129,24106-817,29/08/2000,Davi Luiz,Ragdoll,Gato,08/09/2021,Macho,"3,93",Dra. Julia,Internação diária,Débito,"204,18","Ferida cicatrizando, curativo semanal."
10/08/2025,Aylla Dias,836.917.254-73,(21) 98820-8679,24982-716,24/02/1992,João,Sírio,Hamster,17/03/2023,Macho,"0,17",Dra. Millena,Exame de sangue,Pix,"191,81",Encaminhado para especialista.
06/09/2025,Breno Sales,249.538.670-92,(21) 99309-8260,21604-051,02/11/1983,Manuella,Periquito,Pássaro,17/05/2022,Fêmea,"1,09",Dra. Julia,Exame de sangue,Pix,"192,09","Ferida cicatrizando, curativo semanal."
23/10/2025,Antônio Pinto,805.179.432-04,(21) 97637-9346,28785-339,30/06/1976,Thales,Maine Coon,Gato,12/04/2011,Fêmea,"7,12",Dra. Millena,Banho e tosa,Pix,"130,40",Recomendada medicação antibiótica por 7 dias.
04/10/2025,Bella Carvalho,427.698.051-85,(21) 99538-8651,20887-689,20/09/1980,Laís,SRD,Gato,22/09/2014,Macho,"2,60",Dra. Millena,Exame de sangue,Crédito,"150,40","Vacinação atualizada, sem reações."
28/10/2025,Dr. Pedro Miguel Teixeira,596.407.123-61,(21) 97716-9850,22531-906,28/02/1997,Emanuelly,Shih Tzu,Cachorro,26/06/2020,Macho,"16,44",Dra. Julia,Limpeza dental,Dinheiro,"466,61",Realizar exames laboratoriais complementares.
17/06/2025,Isabelly Rodrigues,960.354.281-42,(21) 98917-9032,27267-075,05/01/1969,Allana,Maine Coon,Gato,10/09/2015,Macho,"6,85",Dra. Millena,Consulta com especialista,Crédito,"286,47",Sinais de melhoria após tratamento.
25/10/2025,Nathan Siqueira,165.387.024-90,(21) 97531-3504,22646-552,14/11/1963,Rael,Persa,Gato,21/12/2010,Fêmea,"7,80",Dra. Julia,Exame de sangue,Débito,"178,61",Sedação leve para procedimento indicado.
08/10/2025,Pedro Miguel Ferreira,479.503.286-65,(21) 99605-5581,24526-569,24/09/1994,Eloah,Netherland Dwarf,Coelho,20/11/2018,Macho,"1,50",Dr. Lucas,Ultrassonografia,Crédito,"388,63",Realizar exames laboratoriais complementares.
20/10/2025,Aylla Dias,836.917.254-73,(21) 98820-8679,24982-716,24/02/1992,João,Sírio,Hamster,05/08/2023,Macho,"0,10",Dr. Lucas,Castração,Pix,"570,90","Vacinação atualizada, sem reações."
20/03/2025,Ravy Ferreira,278.914.365-09,(21) 99442-3704,27657-941,09/02/1981,Ayla,SRD,Coelho,15/02/2024,Macho,"1,75",Dra. Julia,Exame de sangue,Crédito,"151,29","Ferida cicatrizando, curativo semanal."
21/08/2025,Clarice Da Rosa,705.963.241-70,(21) 97399-4509,27967-196,18/08/1996,Vinicius,SRD,Coelho,12/02/2018,Fêmea,"3,63",Dra. Julia,Castração,Dinheiro,"283,06",Encaminhado para especialista.
02/08/2025,Rafael Novaes,274.859.316-28,(21) 97904-4571,24198-785,03/01/1981,Calebe,SRD,Coelho,16/09/2020,Fêmea,"3,02",Dr. Lucas,Emergência 24h,Débito,"347,07",Realizar exames laboratoriais complementares.
04/01/2025,Henrique Teixeira,374.601.982-69,(21) 98932-4257,28928-429,20/06/1982,Lucas Gabriel,Poodle,Cachorro,10/08/2011,Macho,"14,73",Dra. Julia,Emergência 24h,Dinheiro,"200,20","Ferida cicatrizando, curativo semanal."
23/11/2024,Josué Souza,359.876.401-48,(21) 96858-6820,24374-718,10/10/1959,João Gabriel,Canário,Pássaro,25/02/2006,Fêmea,"1,64",Dra. Julia,Exame de fezes,Débito,"67,40",Encaminhado para especialista.
09/07/2025,Daniela Cavalcante,842.579.063-83,(21) 98102-6931,21786-462,18/10/1981,Dante,Periquito,Pássaro,26/10/2022,Macho,"1,00",Dra. Millena,Raio-X,Débito,"217,25","Paciente estável, sem sinais vitais alterados."
09/10/2025,Esther Brito,473.916.805-75,(21) 99738-9317,21743-891,24/02/1980,Yan,Shih Tzu,Cachorro,04/11/2013,Macho,"1,74",Dra. Millena,Raio-X,Crédito,"232,99","Peso abaixo do ideal, sugerir dieta."
01/10/2025,Zoe Farias,036.279.518-59,(21) 96328-9320,23044-070,14/04/1993,Liz,Lop,Coelho,31/07/2020,Macho,"2,47",Dr. Lucas,Microchipagem,Pix,"129,44","Ferida cicatrizando, curativo semanal."
03/12/2024,Gael Henrique Pereira,912.037.458-50,(21) 97440-6119,21697-591,05/12/1995,Emanuel,Shih Tzu,Cachorro,07/04/2012,Macho,"7,05",Dr. Lucas,Microchipagem,Dinheiro,"98,95","Peso abaixo do ideal, sugerir dieta."
24/10/2025,Benjamin Barbosa,627.830.951-30,(21) 98659-5951,26689-119,03/06/1999,Anna Liz,Netherland Dwarf,Coelho,20/03/2024,Macho,"5,85",Dra. Millena,Internação diária,Débito,"126,56",Encaminhado para especialista.
13/01/2025,Dr. Alexandre Da Paz,263.481.059-89,(21) 99951-3683,25096-110,17/01/1991,Caleb,Sírio,Hamster,20/08/2024,Fêmea,"0,05",Dr. Lucas,Banho e tosa,Pix,"76,25",Realizar exames laboratoriais complementares.
27/10/2025,Mirella Freitas,208.937.456-00,(21) 99954-4020,20841-258,16/09/1964,Alexandre,Maine Coon,Gato,22/05/2008,Fêmea,"6,97",Dra. Julia,Castração,Pix,"482,35",Sedação leve para procedimento indicado.
14/11/2024,Luna Correia,472.396.815-64,(21) 99856-7498,23249-077,08/07/1980,Maria Clara,Sírio,Hamster,17/12/2021,Fêmea,"0,20",Dra. Julia,Limpeza dental,Dinheiro,"401,38",Sedação leve para procedimento indicado.
26/06/2025,Emilly Cavalcante,045.231.867-07,(21) 99073-4995,27613-583,19/05/1988,Liam,Poodle,Cachorro,08/08/2014,Fêmea,"8,77",Dr. Lucas,Raio-X,Crédito,"256,21","Ferida cicatrizando, curativo semanal."
06/04/2025,Thales Peixoto,687.194.203-31,(21) 99905-7132,22500-703,25/09/1977,Leandro,Sírio,Hamster,20/07/2023,Fêmea,"0,22",Dra. Julia,Consulta veterinária,Crédito,"198,11","Vacinação atualizada, sem reações."
06/09/2025,Olivia Sá,938.176.524-37,(21) 98789-8354,25295-884,27/08/1969,Rebeca,SRD,Coelho,17/06/2022,Fêmea,"2,13",Dra. Julia,Limpeza dental,Pix,"397,08","Peso abaixo do ideal, sugerir dieta."
23/12/2024,Thales Peixoto,687.194.203-31,(21) 99905-7132,22500-703,25/09/1977,Leandro,Sírio,Hamster,14/06/2022,Fêmea,"0,17",Dra. Julia,Exame de sangue,Dinheiro,"137,51",Sinais de melhoria após tratamento.
05/10/2025,Heitor Vargas,974.013.682-69,(21) 99112-8242,20845-208,11/06/1996,Davi Miguel,Sphynx,Gato,24/11/2023,Fêmea,"6,13",Dra. Julia,Castração,Débito,"526,28",Realizar exames laboratoriais complementares.
25/11/2024,Srta. Sara Moreira,125.387.904-41,(21) 96134-5583,26070-222,05/05/1993,Zoe,SRD,Cachorro,26/11/2023,Macho,"9,48",Dra. Millena,Vacinação,Crédito,"85,32","Paciente estável, sem sinais vitais alterados."
15/10/2025,Benjamin Freitas,490.287.613-22,(21) 99820-8460,25272-890,18/01/1993,Guilherme,SRD,Cachorro,23/02/2011,Macho,"4,06",Dr. Lucas,Exame de sangue,Débito,"184,81",Sedação leve para procedimento indicado.
12/03/2025,Ravi Campos,932.740.856-00,(21) 99437-4266,20333-636,08/03/1996,Caroline,Ragdoll,Gato,16/01/2022,Fêmea,"5,52",Dr. Lucas,Exame de fezes,Débito,"71,74","Vacinação atualizada, sem reações."
20/12/2024,Srta. Sara Moreira,125.387.904-41,(21) 96134-5583,26070-222,05/05/1993,Zoe,SRD,Cachorro,26/08/2011,Macho,"35,97",Dr. Lucas,Banho e tosa,Crédito,"68,12","Vacinação atualizada, sem reações."
10/10/2025,Luísa Nunes,687.059.143-10,(21) 99427-2816,28189-611,20/02/1980,Kaique,Golden Retriever,Cachorro,21/02/2016,Macho,"4,62",Dra. Millena,Raio-X,Dinheiro,"295,99","Vacinação atualizada, sem reações."
30/06/2025,Hellena Da Mata,967.025.318-77,(21) 99016-3938,25442-801,11/07/1958,Yuri,Golden Retriever,Cachorro,01/10/2014,Fêmea,"35,11",Dra. Julia,Vacinação,Pix,"169,60","Vacinação atualizada, sem reações."
21/10/2025,Alexandre Da Mota,231.647.508-62,(21) 98497-1986,21625-970,21/06/2006,Lívia,Golden Retriever,Cachorro,01/01/2019,Macho,"23,24",Dra. Millena,Ultrassonografia,Débito,"382,07",Realizar exames laboratoriais complementares.
17/12/2024,Daniela Cavalcante,842.579.063-83,(21) 98102-6931,21786-462,18/10/1981,Dante,Periquito,Pássaro,30/04/2024,Macho,"1,67",Dra. Julia,Limpeza dental,Pix,"216,70",Sinais de melhoria após tratamento.
21/10/2025,Giovanna Vargas,950.678.421-30,(21) 98635-8504,20510-062,09/04/1967,Natália,Sírio,Hamster,17/01/2024,Macho,"0,03",Dra. Julia,Consulta com especialista,Dinheiro,"229,80","Paciente estável, sem sinais vitais alterados."
23/10/2025,Renan Machado,957.486.321-28,(21) 98297-8007,20158-114,31/01/1996,Ana,Pinscher,Cachorro,10/06/2019,Fêmea,"33,79",Dra. Julia,Limpeza dental,Dinheiro,"387,95",Encaminhado para especialista.
26/07/2025,Maria Eduarda Borges,892.317.560-95,(21) 98446-3147,26172-157,17/08/1981,Maria Alice,Netherland Dwarf,Coelho,24/12/2024,Macho,"3,46",Dr. Lucas,Raio-X,Débito,"215,55","Paciente estável, sem sinais vitais alterados."
26/10/2025,Rael Ferreira,412.739.850-79,(21) 99681-1153,27622-922,21/08/1983,Ana Julia,Shih Tzu,Cachorro,03/11/2011,Fêmea,"36,77",Dr. Lucas,Banho e tosa,Crédito,"93,01",Realizar exames laboratoriais complementares.
16/11/2024,Lucas Da Conceição,320.845.917-32,(21) 98913-2680,28452-871,15/08/1998,Levi,Papagaio,Pássaro,14/02/2012,Macho,"0,37",Dra. Millena,Castração,Dinheiro,"660,29",Sinais de melhoria após tratamento.
06/10/2025,Bárbara Nunes,081.679.423-50,(21) 98409-1344,23770-602,08/11/1997,Vitor Gabriel,Anão russo,Hamster,14/05/2023,Fêmea,"0,17",Dra. Julia,Exame de fezes,Pix,"62,56",Necessário retorno para avaliação em 15 dias.
28/10/2025,Otto Freitas,180.736.294-96,(21) 96423-8381,25626-731,13/08/1980,Isaac,Ragdoll,Gato,03/09/2024,Fêmea,"5,31",Dr. Lucas,Internação diária,Débito,"116,14","Peso abaixo do ideal, sugerir dieta."
20/10/2025,Giovanna Vargas,950.678.421-30,(21) 98635-8504,20510-062,09/04/1967,Isabella,Persa,Gato,15/12/2010,Macho,"7,14",Dr. Lucas,Microchipagem,Dinheiro,"106,94","Vacinação atualizada, sem reações."
22/02/2025,Thales Peixoto,687.194.203-31,(21) 99905-7132,22500-703,25/09/1977,Leandro,Sírio,Hamster,08/06/2023,Fêmea,"0,04",Dra. Julia,Banho e tosa,Débito,"106,20",Necessário retorno para avaliação em 15 dias.
18/06/2025,Maria Rios,520.469.837-00,(21) 96374-1423,23750-984,13/01/1982,Gustavo,Periquito,Pássaro,19/04/2024,Fêmea,"1,14",Dra. Millena,Emergência 24h,Débito,"301,65",Sinais de melhoria após tratamento.
06/04/2025,Dr. João Gabriel Das Neves,957.462.381-55,(21) 96920-6085,23262-150,08/03/1993,Agatha,Anão russo,Hamster,20/01/2024,Macho,"0,24",Dra. Julia,Exame de sangue,Débito,"200,18",Encaminhado para especialista.
04/02/2025,Sr. Lorenzo Almeida,294.610.738-87,(21) 96982-3573,22847-565,09/04/2000,Antony,Anão russo,Hamster,14/04/2023,Fêmea,"0,17",Dra. Millena,Vacinação,Débito,"107,35",Necessário retorno para avaliação em 15 dias.
09/10/2025,Lucas Da Conceição,320.845.917-32,(21) 98913-2680,28452-871,15/08/1998,Levi,Papagaio,Pássaro,25/09/2014,Macho,"0,07",Dr. Lucas,Vacinação,Débito,"171,13",Sinais de melhoria após tratamento.
06/10/2025,Juliana Azevedo,483.520.197-32,(21) 97556-2654,24554-464,16/08/1989,Maria Vitória,Labrador,Cachorro,23/02/2013,Fêmea,"2,03",Dra. Julia,Vacinação,Crédito,"155,59",Necessário retorno para avaliação em 15 dias.
15/05/2025,Dr. Diogo Da Costa,453.210.967-16,(21) 99775-4122,28327-764,22/06/1977,Juliana,Anão russo,Hamster,13/01/2024,Macho,"0,17",Dra. Julia,Exame de fezes,Débito,"75,87",Necessário retorno para avaliação em 15 dias.
02/10/2025,Raul Nascimento,518.302.467-71,(21) 98859-3615,26924-348,18/05/1994,Alícia,Sírio,Hamster,14/05/2023,Macho,"0,06",Dr. Lucas,Exame de fezes,Dinheiro,"86,76",Sinais de melhoria após tratamento.
23/10/2025,Luna Da Costa,738.601.254-35,(21) 98437-3112,21388-317,25/05/1980,Sabrina,Calopsita,Pássaro,26/11/2011,Macho,"0,31",Dra. Millena,Eutanásia,Crédito,"481,69","Paciente estável, sem sinais vitais alterados."
21/09/2025,Maria Clara Castro,341.670.952-70,(21) 96511-9785,26201-080,29/12/1979,Manuella,Anão russo,Hamster,26/11/2023,Macho,"0,07",Dr. Lucas,Eutanásia,Dinheiro,"318,26",Recomendada medicação antibiótica por 7 dias.
01/10/2025,Juliana Azevedo,483.520.197-32,(21) 97556-2654,24554-464,16/08/1989,Maria Vitória,Labrador,Cachorro,05/05/2025,Fêmea,"14,15",Dr. Lucas,Exame de fezes,Dinheiro,"100,14",Recomendada medicação antibiótica por 7 dias.
11/10/2025,Otto Freitas,180.736.294-96,(21) 96423-8381,25626-731,13/08/1980,José,Maine Coon,Gato,24/11/2014,Fêmea,"6,14",Dr. Lucas,Vacinação,Pix,"154,05",Necessário retorno para avaliação em 15 dias.
30/09/2025,Luna Pereira,469.783.502-65,(21) 97953-7232,20096-965,07/04/1988,Otávio,SRD,Gato,29/08/2023,Macho,"4,65",Dra. Julia,Limpeza dental,Crédito,"277,94","Paciente estável, sem sinais vitais alterados."
29/09/2025,Manuella Santos,217.853.096-68,(21) 98714-2501,23475-657,10/10/2000,Maria Julia,Netherland Dwarf,Coelho,23/05/2023,Macho,"1,50",Dra. Millena,Emergência 24h,Crédito,"294,28","Peso abaixo do ideal, sugerir dieta."
17/03/2025,Isaac Cavalcante,317.640.529-43,(21) 99596-4946,21290-087,04/02/2008,Alícia,Sírio,Hamster,24/12/2023,Macho,"0,07",Dra. Julia,Exame de sangue,Débito,"180,95",Encaminhado para especialista.
17/10/2025,Joaquim Caldeira,241.809.375-14,(21) 99684-7311,23114-260,08/11/1987,João Miguel,Shih Tzu,Cachorro,13/04/2017,Fêmea,"31,51",Dra. Julia,Vacinação,Débito,"93,86",Realizar exames laboratoriais complementares.
25/10/2025,Bella Carvalho,427.698.051-85,(21) 99538-8651,20887-689,20/09/1980,Gustavo,SRD,Gato,02/12/2009,Fêmea,"6,77",Dra. Julia,Exame de sangue,Pix,"226,21","Paciente estável, sem sinais vitais alterados."
06/10/2025,Thales Peixoto,687.194.203-31,(21) 99905-7132,22500-703,25/09/1977,Stephany,Anão russo,Hamster,23/04/2025,Fêmea,"0,19",Dra. Julia,Emergência 24h,Débito,"296,10",Sinais de melhoria após tratamento.
16/10/2025,Bryan Moura,832.790.641-04,(21) 96897-6772,23115-635,20/12/1995,Cauê,Sírio,Hamster,10/04/2024,Macho,"0,05",Dra. Millena,Consulta veterinária,Dinheiro,"105,21","Ferida cicatrizando, curativo semanal."
21/06/2025,Maria Rios,520.469.837-00,(21) 96374-1423,23750-984,13/01/1982,Gustavo,Periquito,Pássaro,30/05/2008,Fêmea,"1,28",Dr. Lucas,Consulta veterinária,Crédito,"189,03",Necessário retorno para avaliação em 15 dias.
11/10/2025,Pedro Brito,654.213.079-99,(21) 96329-8172,20653-910,02/01/1990,Raul,Periquito,Pássaro,04/11/2022,Macho,"0,08",Dra. Millena,Consulta veterinária,Pix,"128,06","Ferida cicatrizando, curativo semanal."
21/09/2025,Dra. Letícia Melo,592.347.861-73,(21) 99306-4705,27030-865,30/12/1980,Leonardo,SRD,Gato,17/07/2012,Macho,"7,32",Dr. Lucas,Microchipagem,Débito,"85,70",Encaminhado para especialista.
02/10/2025,Srta. Hadassa Azevedo,458.901.673-75,(21) 96860-6862,24088-682,15/04/1983,Gabriel,Anão russo,Hamster,01/02/2024,Macho,"0,11",Dr. Lucas,Exame de fezes,Dinheiro,"106,34","Paciente estável, sem sinais vitais alterados."
06/10/2025,Josué Campos,671.450.893-00,(21) 98509-8251,28270-436,21/03/2001,Maria Cecília,Lop,Coelho,30/06/2024,Macho,"2,78",Dr. Lucas,Consulta veterinária,Crédito,"140,21","Paciente estável, sem sinais vitais alterados."
04/10/2025,Emanuel Viana,296.018.347-96,(21) 96634-8973,23111-303,13/01/1999,Isaac,Papagaio,Pássaro,08/07/2011,Fêmea,"1,16",Dra. Julia,Eutanásia,Crédito,"428,65",Sedação leve para procedimento indicado.
31/05/2025,Melina Pires,975.682.130-21,(21) 97829-3434,28824-495,04/02/1983,Erick,Ragdoll,Gato,16/11/2008,Fêmea,"3,11",Dr. Lucas,Emergência 24h,Dinheiro,"371,37",Realizar exames laboratoriais complementares.
06/10/2025,Lucas Da Conceição,320.845.917-32,(21) 98913-2680,28452-871,15/08/1998,Levi,Papagaio,Pássaro,20/04/2013,Macho,"0,45",Dra. Julia,Ultrassonografia,Débito,"208,27",Recomendada medicação antibiótica por 7 dias.
29/07/2025,Ana Julia Pereira,654.820.317-80,(21) 97205-2524,23630-414,03/12/1990,Esther,Canário,Pássaro,02/01/2011,Fêmea,"0,34",Dra. Millena,Emergência 24h,Dinheiro,"247,23",Recomendada medicação antibiótica por 7 dias.
24/10/2025,Maria Eduarda Borges,892.317.560-95,(21) 98446-3147,26172-157,17/08/1981,Maria Alice,Netherland Dwarf,Coelho,01/01/2021,Macho,"1,24",Dra. Julia,Ultrassonografia,Débito,"227,43","Paciente estável, sem sinais vitais alterados."
02/10/2025,Sra. Beatriz Rodrigues,083.519.462-06,(21) 99130-3248,24186-296,24/02/2000,Igor,Anão russo,Hamster,01/03/2024,Fêmea,"0,14",Dr. Lucas,Castração,Pix,"325,14","Ferida cicatrizando, curativo semanal."
13/08/2025,Augusto Vieira,792.610.345-43,(21) 97052-3695,27894-990,06/09/2004,Rodrigo,Ragdoll,Gato,01/02/2023,Fêmea,"6,09",Dra. Millena,Exame de sangue,Dinheiro,"243,85",Recomendada medicação antibiótica por 7 dias.
14/07/2025,Maria Sophia Leão,627.198.530-03,(21) 99458-5846,21657-519,16/10/2001,Eduardo,Calopsita,Pássaro,07/04/2014,Macho,"1,28",Dra. Julia,Microchipagem,Débito,"145,17","Peso abaixo do ideal, sugerir dieta."
30/05/2025,Sra. Ana Vitória Da Rosa,902.678.154-76,(21) 98721-4068,21402-536,14/02/1977,Larissa,Poodle,Cachorro,22/04/2024,Fêmea,"13,03",Dra. Julia,Exame de sangue,Dinheiro,"185,88",Sedação leve para procedimento indicado.
13/10/2025,Laís Souza,623.148.509-98,(21) 99894-9779,23033-196,20/06/1985,Ana Laura,Papagaio,Pássaro,29/12/2007,Macho,"0,31",Dr. Lucas,Consulta veterinária,Crédito,"162,95","Vacinação atualizada, sem reações."
07/07/2025,Jade Silva,729.810.645-76,(21) 99407-8538,25928-090,04/07/1997,Isaque,Siamês,Gato,13/11/2011,Fêmea,"7,51",Dr. Lucas,Microchipagem,Débito,"121,17",Necessário retorno para avaliação em 15 dias.
12/10/2025,Ana Cecília Teixeira,401.759.826-94,(21) 96898-8999,24471-446,19/05/1988,Vitor Gabriel,Siamês,Gato,10/10/2013,Fêmea,"4,31",Dr. Lucas,Internação diária,Dinheiro,"198,53",Sedação leve para procedimento indicado.
20/09/2025,Maria Vitória Pires,438.105.679-57,(21) 97115-3546,24616-619,26/07/1990,Sophia,Periquito,Pássaro,25/04/2007,Macho,"0,90",Dra. Millena,Internação diária,Crédito,"214,54","Vacinação atualizada, sem reações."
25/10/2025,Maria Helena Rocha,659.824.103-06,(21) 96873-9808,28288-271,03/10/1989,Noah,Sírio,Hamster,05/03/2024,Macho,"0,12",Dr. Lucas,Internação diária,Débito,"218,77",Sinais de melhoria após tratamento.
15/10/2025,Henrique Sousa,431.572.098-41,(21) 97697-8461,23185-735,18/04/1985,Emilly,Anão russo,Hamster,08/09/2025,Macho,"0,20",Dra. Julia,Consulta veterinária,Débito,"145,86",Sedação leve para procedimento indicado.
04/06/2025,Maitê Cirino,509.286.314-51,(21) 99238-2479,26464-014,18/03/1997,Sarah,Lop,Coelho,25/12/2017,Macho,"5,20",Dr. Lucas,Castração,Débito,"444,56","Paciente estável, sem sinais vitais alterados."
19/10/2025,Lucas Gabriel Vargas,487.205.319-23,(21) 97837-9786,22296-432,04/07/1986,Ana Cecília,Anão russo,Hamster,04/03/2023,Macho,"0,27",Dr. Lucas,Banho e tosa,Pix,"79,75",Necessário retorno para avaliação em 15 dias.
13/06/2025,Sr. Danilo Vasconcelos,239.850.167-12,(21) 96156-5349,21776-610,29/03/1990,Mariana,Lop,Coelho,22/05/2021,Macho,"5,91",Dra. Julia,Exame de sangue,Débito,"177,14",Recomendada medicação antibiótica por 7 dias.
06/01/2025,Renan Machado,957.486.321-28,(21) 98297-8007,20158-114,31/01/1996,Vitor,SRD,Cachorro,20/01/2015,Fêmea,"14,97",Dr. Lucas,Microchipagem,Dinheiro,"82,41","Ferida cicatrizando, curativo semanal."
04/10/2025,Sr. Arthur Dias,069.342.187-87,(21) 99871-8237,25661-601,20/11/1986,Rafaela,Netherland Dwarf,Coelho,01/02/2021,Macho,"5,49",Dra. Millena,Consulta com especialista,Pix,"295,97","Ferida cicatrizando, curativo semanal."
06/09/2025,Isaac Rocha,793.481.062-87,(21) 99816-5905,21697-961,14/09/1971,Clara,SRD,Gato,08/01/2012,Macho,"3,56",Dra. Julia,Raio-X,Pix,"197,08","Peso abaixo do ideal, sugerir dieta."
04/07/2025,Heloisa Ramos,471.582.630-53,(21) 96263-4505,26797-417,10/04/1986,Pedro Henrique,Sírio,Hamster,15/04/2025,Fêmea,"0,14",Dr. Lucas,Banho e tosa,Pix,"93,28",Sinais de melhoria após tratamento.
27/10/2025,Théo Carvalho,860.791.243-78,(21) 99470-4674,21773-358,06/09/2004,Nina,Periquito,Pássaro,20/06/2011,Fêmea,"0,93",Dra. Julia,Exame de fezes,Crédito,"86,94",Recomendada medicação antibiótica por 7 dias.
09/10/2025,Théo Carvalho,860.791.243-78,(21) 99470-4674,21773-358,06/09/2004,Nina,Periquito,Pássaro,07/08/2006,Fêmea,"1,42",Dra. Julia,Microchipagem,Débito,"121,26",Recomendada medicação antibiótica por 7 dias.
03/03/2025,Maria Clara Aparecida,740.693.182-40,(21) 97768-2527,21582-762,23/01/2007,Agatha,Canário,Pássaro,18/02/2021,Macho,"0,34",Dr. Lucas,Consulta veterinária,Crédito,"164,49",Necessário retorno para avaliação em 15 dias.
02/08/2025,Cauê Brito,860.742.591-94,(21) 97837-8685,20086-927,19/07/1992,Samuel,Sírio,Hamster,16/08/2023,Fêmea,"0,23",Dr. Lucas,Internação diária,Crédito,"241,80","Paciente estável, sem sinais vitais alterados."
16/10/2025,Dr. Pedro Miguel Teixeira,596.407.123-61,(21) 97716-9850,22531-906,28/02/1997,Emanuelly,Shih Tzu,Cachorro,18/02/2018,Macho,"31,47",Dra. Julia,Eutanásia,Dinheiro,"416,01","Vacinação atualizada, sem reações."
20/04/2025,Ana Beatriz Barbosa,528.943.170-50,(21) 99811-6727,20436-424,01/05/1984,Igor,Sphynx,Gato,10/12/2024,Macho,"2,75",Dra. Millena,Exame de fezes,Crédito,"79,26","Vacinação atualizada, sem reações."
29/10/2024,Olivia Sá,938.176.524-37,(21) 98789-8354,25295-884,27/08/1969,Cecilia,Golden Retriever,Cachorro,02/12/2017,Fêmea,"29,14",Dra. Julia,Raio-X,Crédito,"151,19",Sedação leve para procedimento indicado.
11/10/2025,Dra. Ísis Leão,013.845.927-41,(21) 96130-7912,20488-095,05/01/1984,Stephany,Siamês,Gato,25/05/2016,Fêmea,"2,20",Dr. Lucas,Castração,Crédito,"684,78",Realizar exames laboratoriais complementares.
18/10/2025,Luísa Nunes,687.059.143-10,(21) 99427-2816,28189-611,20/02/1980,Luiz Henrique,SRD,Coelho,27/02/2022,Fêmea,"5,40",Dra. Millena,Limpeza dental,Crédito,"436,80",Recomendada medicação antibiótica por 7 dias.
28/05/2025,Bárbara Nunes,081.679.423-50,(21) 98409-1344,23770-602,08/11/1997,Yasmin,Anão russo,Hamster,01/01/2023,Fêmea,"0,13",Dra. Julia,Limpeza dental,Dinheiro,"483,43","Paciente estável, sem sinais vitais alterados."
09/10/2025,Vitória Castro,980.527.461-67,(21) 97794-7118,28479-462,05/10/1993,Nina,Periquito,Pássaro,09/02/2009,Macho,"1,86",Dra. Millena,Eutanásia,Débito,"345,99",Realizar exames laboratoriais complementares.
30/09/2025,João Pedro Da Conceição,865.793.024-29,(21) 96721-8135,28548-988,07/02/1981,Alexandre,Calopsita,Pássaro,26/06/2007,Fêmea,"1,82",Dr. Lucas,Consulta com especialista,Dinheiro,"180,37","Vacinação atualizada, sem reações."
20/10/2025,Thales Martins,124.967.580-49,(21) 99826-6568,28318-273,04/06/2005,Pedro Henrique,Poodle,Cachorro,13/03/2021,Macho,"37,22",Dra. Julia,Exame de sangue,Pix,"130,00","Peso abaixo do ideal, sugerir dieta."
16/01/2025,Sr. Benício Cardoso,768.503.492-10,(21) 96470-7965,28922-230,26/08/1992,Isaque,Lop,Coelho,01/04/2024,Fêmea,"4,57",Dra. Millena,Castração,Pix,"472,93","Peso abaixo do ideal, sugerir dieta."
08/10/2025,Sr. Danilo Vasconcelos,239.850.167-12,(21) 96156-5349,21776-610,29/03/1990,Mariana,Lop,Coelho,24/06/2025,Macho,"4,14",Dra. Millena,Eutanásia,Débito,"255,96",Necessário retorno para avaliação em 15 dias.
05/10/2025,Luísa Nunes,687.059.143-10,(21) 99427-2816,28189-611,20/02/1980,Luiz Henrique,SRD,Coelho,17/11/2018,Fêmea,"5,27",Dr. Lucas,Raio-X,Débito,"299,06",Encaminhado para especialista.
09/10/2025,Isabella Da Cruz,738.642.509-00,(21) 96903-1744,26475-613,05/06/1994,Erick,Anão russo,Hamster,08/02/2024,Macho,"0,11",Dr. Lucas,Microchipagem,Débito,"139,94",Recomendada medicação antibiótica por 7 dias.
23/08/2025,João Lucas Martins,513.864.709-10,(21) 96079-9005,21832-951,08/07/1991,Stephany,Anão russo,Hamster,27/07/2024,Fêmea,"0,28",Dra. Julia,Eutanásia,Crédito,"385,12","Ferida cicatrizando, curativo semanal."
18/07/2025,Henrique Montenegro,096.157.823-86,(21) 96334-7326,26142-229,08/12/1996,Rafael,Lop,Coelho,31/07/2017,Macho,"5,18",Dr. Lucas,Raio-X,Débito,"297,16",Encaminhado para especialista.
19/08/2025,Luna Correia,472.396.815-64,(21) 99856-7498,23249-077,08/07/1980,Maria Clara,Sírio,Hamster,25/07/2024,Fêmea,"0,05",Dr. Lucas,Ultrassonografia,Crédito,"269,12","Ferida cicatrizando, curativo semanal."
10/01/2025,Dr. Erick Vasconcelos,153.860.247-44,(21) 99061-6352,26807-179,06/05/1983,Henry Gabriel,Canário,Pássaro,10/03/2020,Fêmea,"0,32",Dra. Millena,Limpeza dental,Pix,"352,38","Ferida cicatrizando, curativo semanal."
07/10/2025,Allana Camargo,832.714.065-53,(21) 97482-7543,23593-141,12/10/1998,Lívia,Siamês,Gato,25/08/2010,Fêmea,"7,34",Dra. Millena,Ultrassonografia,Dinheiro,"322,10","Paciente estável, sem sinais vitais alterados."
11/10/2025,Otávio Ferreira,740.329.158-14,(21) 99723-8368,23084-329,23/08/1984,Esther,Calopsita,Pássaro,25/07/2014,Macho,"1,05",Dra. Millena,Banho e tosa,Dinheiro,"104,33",Encaminhado para especialista.
05/10/2025,Esther Brito,473.916.805-75,(21) 99738-9317,21743-891,24/02/1980,Benício,Netherland Dwarf,Coelho,09/04/2020,Fêmea,"2,37",Dra. Julia,Eutanásia,Crédito,"404,00",Necessário retorno para avaliação em 15 dias.
22/04/2025,Henrique Montenegro,096.157.823-86,(21) 96334-7326,26142-229,08/12/1996,Nicole,Maine Coon,Gato,11/08/2019,Fêmea,"2,69",Dra. Millena,Vacinação,Crédito,"124,15",Encaminhado para especialista.
27/09/2025,Nathan Garcia,673.512.048-53,(21) 96195-2996,23906-429,20/03/1981,Hadassa,Anão russo,Hamster,01/12/2023,Fêmea,"0,22",Dr. Lucas,Consulta com especialista,Dinheiro,"262,44",Recomendada medicação antibiótica por 7 dias.
28/11/2024,Augusto Vieira,792.610.345-43,(21) 97052-3695,27894-990,06/09/2004,Rodrigo,Ragdoll,Gato,14/09/2015,Fêmea,"3,64",Dra. Millena,Internação diária,Crédito,"169,99",Sedação leve para procedimento indicado.
11/01/2025,Cauê Brito,860.742.591-94,(21) 97837-8685,20086-927,19/07/1992,Samuel,Sírio,Hamster,01/08/2023,Fêmea,"0,18",Dra. Julia,Limpeza dental,Dinheiro,"219,82",Encaminhado para especialista.
04/04/2025,Aylla Dias,836.917.254-73,(21) 98820-8679,24982-716,24/02/1992,João,Sírio,Hamster,10/10/2023,Macho,"0,11",Dra. Millena,Eutanásia,Dinheiro,"282,34",Sedação leve para procedimento indicado.
02/05/2025,Joaquim Freitas,918.476.205-58,(21) 96779-7669,21545-099,05/04/1989,Pedro Henrique,Anão russo,Hamster,18/01/2025,Macho,"0,09",Dr. Lucas,Limpeza dental,Dinheiro,"408,93",Encaminhado para especialista.
14/10/2025,Leandro Fonseca,280.694.137-78,(21) 96681-4872,26658-497,08/10/1988,Erick,Siamês,Gato,09/01/2011,Fêmea,"2,23",Dra. Millena,Internação diária,Crédito,"229,09","Paciente estável, sem sinais vitais alterados."
21/10/2025,Luiz Gustavo Da Luz,376.209.851-40,(21) 97663-5930,28977-853,23/07/1991,Dom,Canário,Pássaro,26/02/2025,Macho,"1,45",Dra. Millena,Exame de sangue,Pix,"173,38",Sedação leve para procedimento indicado.
14/07/2025,Augusto Vieira,792.610.345-43,(21) 97052-3695,27894-990,06/09/2004,Rodrigo,Ragdoll,Gato,23/05/2014,Fêmea,"3,58",Dr. Lucas,Ultrassonografia,Pix,"340,96",Realizar exames laboratoriais complementares.
15/01/2025,Rafael Novaes,274.859.316-28,(21) 97904-4571,24198-785,03/01/1981,Calebe,SRD,Coelho,12/10/2023,Fêmea,"2,64",Dra. Millena,Exame de sangue,Crédito,"223,43","Ferida cicatrizando, curativo semanal."
27/10/2025,Dra. Anna Liz Montenegro,236.549.870-10,(21) 99577-7397,27702-044,01/07/1989,Pietro,SRD,Gato,04/01/2023,Macho,"6,25",Dr. Lucas,Vacinação,Dinheiro,"165,64","Peso abaixo do ideal, sugerir dieta."
05/10/2025,Ana Laura Campos,785.149.603-93,(21) 99235-6869,23898-602,24/06/1995,Vinicius,Periquito,Pássaro,04/07/2019,Macho,"1,74",Dra. Millena,Eutanásia,Pix,"366,36",Sedação leve para procedimento indicado.
30/12/2024,Ana Laura Novais,971.430.568-39,(21) 96314-5703,21479-629,16/03/1988,Lucas Gabriel,Papagaio,Pássaro,07/06/2023,Macho,"0,78",Dra. Millena,Exame de sangue,Pix,"179,09",Sedação leve para procedimento indicado.
10/05/2025,Ana Laura Campos,785.149.603-93,(21) 99235-6869,23898-602,24/06/1995,Vinicius,Periquito,Pássaro,08/04/2019,Macho,"1,88",Dra. Millena,Consulta com especialista,Débito,"284,45",Encaminhado para especialista.
13/06/2025,Maria Helena Rocha,659.824.103-06,(21) 96873-9808,28288-271,03/10/1989,Noah,Sírio,Hamster,21/04/2025,Macho,"0,05",Dr. Lucas,Castração,Débito,"646,74","Peso abaixo do ideal, sugerir dieta."
25/12/2024,Esther Duarte,418.965.370-57,(21) 99506-4826,26730-044,12/11/1984,Josué,Labrador,Cachorro,03/10/2014,Macho,"34,85",Dra. Millena,Exame de sangue,Dinheiro,"217,00",Recomendada medicação antibiótica por 7 dias.
16/06/2025,Isabella Da Cruz,738.642.509-00,(21) 96903-1744,26475-613,05/06/1994,Erick,Anão russo,Hamster,11/01/2024,Macho,"0,19",Dra. Millena,Banho e tosa,Crédito,"147,87","Ferida cicatrizando, curativo semanal."
18/01/2025,Otávio Câmara,936.871.420-78,(21) 98001-9280,24114-927,24/09/1978,Stephany,Pinscher,Cachorro,24/11/2010,Macho,"24,39",Dr. Lucas,Consulta com especialista,Crédito,"198,08",Recomendada medicação antibiótica por 7 dias.
04/10/2025,Sra. Isabel Nascimento,706.251.394-61,(21) 97535-6873,27056-149,23/01/1987,Theo,Netherland Dwarf,Coelho,06/04/2025,Macho,"5,48",Dra. Millena,Consulta veterinária,Pix,"133,74",Recomendada medicação antibiótica por 7 dias.
06/10/2025,Ana Beatriz Barbosa,528.943.170-50,(21) 99811-6727,20436-424,01/05/1984,Gustavo,Pinscher,Cachorro,06/09/2018,Fêmea,"31,61",Dra. Julia,Internação diária,Crédito,"211,52",Sinais de melhoria após tratamento.
21/09/2025,Sr. Benício Cardoso,768.503.492-10,(21) 96470-7965,28922-230,26/08/1992,Isaque,Lop,Coelho,02/02/2023,Fêmea,"1,49",Dra. Millena,Limpeza dental,Débito,"460,97",Necessário retorno para avaliação em 15 dias.
22/10/2025,Pietro Pereira,284.905.631-60,(21) 96102-8724,25374-937,08/10/1980,Eloah,Sírio,Hamster,06/05/2023,Fêmea,"0,14",Dr. Lucas,Ultrassonografia,Dinheiro,"286,81",Realizar exames laboratoriais complementares.
23/10/2025,Augusto Duarte,169.850.347-48,(21) 97784-8616,24397-330,21/06/1977,Nathan,Persa,Gato,10/09/2012,Macho,"4,41",Dra. Millena,Exame de fezes,Dinheiro,"62,20",Necessário retorno para avaliação em 15 dias.
16/10/2025,Nathan Garcia,673.512.048-53,(21) 96195-2996,23906-429,20/03/1981,Hadassa,Anão russo,Hamster,01/08/2025,Fêmea,"0,11",Dra. Millena,Internação diária,Débito,"239,76",Realizar exames laboratoriais complementares.
03/02/2025,Renan Machado,957.486.321-28,(21) 98297-8007,20158-114,31/01/1996,Ana,Pinscher,Cachorro,15/09/2020,Fêmea,"2,08",Dra. Julia,Banho e tosa,Débito,"103,68","Peso abaixo do ideal, sugerir dieta."
20/10/2025,Isaac Vasconcelos,652.014.397-99,(21) 96398-2902,23846-908,20/03/1988,Laura,Periquito,Pássaro,27/01/2006,Macho,"1,06",Dra. Julia,Exame de fezes,Crédito,"80,93","Peso abaixo do ideal, sugerir dieta."
16/10/2025,Ian Câmara,160.839.452-24,(21) 96234-6138,20821-598,20/08/1984,Otto,Anão russo,Hamster,03/06/2025,Fêmea,"0,19",Dra. Millena,Internação diária,Crédito,"178,05",Sinais de melhoria após tratamento.
30/09/2025,Maria Vitória Pires,438.105.679-57,(21) 97115-3546,24616-619,26/07/1990,Sophia,Periquito,Pássaro,16/05/2020,Macho,"0,24",Dra. Millena,Internação diária,Crédito,"239,94","Ferida cicatrizando, curativo semanal."
20/07/2025,Antônio Pinto,805.179.432-04,(21) 97637-9346,28785-339,30/06/1976,Aurora,Poodle,Cachorro,01/01/2013,Fêmea,"19,02",Dra. Millena,Consulta com especialista,Dinheiro,"335,53","Vacinação atualizada, sem reações."
20/04/2025,Dr. Bruno Farias,026.751.948-67,(21) 99935-8102,25934-650,16/11/1964,Lunna,Anão russo,Hamster,13/12/2023,Macho,"0,16",Dra. Julia,Consulta com especialista,Dinheiro,"323,74",Realizar exames laboratoriais complementares.
01/10/2025,Vitória Novais,287.041.653-90,(21) 96180-5533,20058-341,13/08/2005,Lucca,Sphynx,Gato,24/05/2008,Macho,"2,06",Dra. Millena,Vacinação,Crédito,"88,48","Peso abaixo do ideal, sugerir dieta."
31/05/2025,Mateus Duarte,601.537.982-03,(21) 97432-8541,25000-840,12/07/2006,Theo,Shih Tzu,Cachorro,01/07/2012,Macho,"39,72",Dr. Lucas,Internação diária,Dinheiro,"246,02",Encaminhado para especialista.
07/10/2025,Sr. Danilo Vasconcelos,239.850.167-12,(21) 96156-5349,21776-610,29/03/1990,Mariana,Lop,Coelho,09/10/2019,Macho,"5,31",Dra. Julia,Vacinação,Dinheiro,"176,73","Ferida cicatrizando, curativo semanal."
12/10/2025,Laís Souza,623.148.509-98,(21) 99894-9779,23033-196,20/06/1985,Ravi Lucca,Netherland Dwarf,Coelho,09/09/2022,Fêmea,"3,76",Dr. Lucas,Exame de sangue,Dinheiro,"106,84",Sinais de melhoria após tratamento.
18/05/2025,Olivia Sá,938.176.524-37,(21) 98789-8354,25295-884,27/08/1969,Rebeca,SRD,Coelho,20/05/2024,Fêmea,"5,61",Dra. Julia,Microchipagem,Dinheiro,"85,43","Paciente estável, sem sinais vitais alterados."
13/10/2025,Allana Camargo,832.714.065-53,(21) 97482-7543,23593-141,12/10/1998,Lívia,Siamês,Gato,04/04/2020,Fêmea,"6,21",Dr. Lucas,Consulta veterinária,Pix,"117,22",Sinais de melhoria após tratamento.
20/07/2025,Bianca Da Costa,946.523.701-99,(21) 98001-7658,23937-707,24/03/1985,Theodoro,Ragdoll,Gato,13/08/2021,Macho,"7,41",Dra. Millena,Consulta veterinária,Pix,"197,36",Necessário retorno para avaliação em 15 dias.
28/12/2024,Isaac Vasconcelos,652.014.397-99,(21) 96398-2902,23846-908,20/03/1988,Laura,Periquito,Pássaro,09/11/2017,Macho,"1,71",Dra. Julia,Banho e tosa,Dinheiro,"63,24",Sedação leve para procedimento indicado.
05/10/2025,Luísa Nunes,687.059.143-10,(21) 99427-2816,28189-611,20/02/1980,Kaique,Golden Retriever,Cachorro,15/08/2017,Macho,"19,97",Dra. Millena,Banho e tosa,Dinheiro,"126,18","Paciente estável, sem sinais vitais alterados."
27/11/2024,Esther Duarte,418.965.370-57,(21) 99506-4826,26730-044,12/11/1984,Hadassa,Maine Coon,Gato,25/08/2008,Fêmea,"7,59",Dra. Julia,Eutanásia,Débito,"497,27","Peso abaixo do ideal, sugerir dieta."
17/08/2025,Sra. Gabriela Campos,681.293.754-19,(21) 98230-7018,25876-062,05/09/1994,Luiz Felipe,Netherland Dwarf,Coelho,26/11/2020,Macho,"3,05",Dra. Julia,Eutanásia,Crédito,"362,74",Recomendada medicação antibiótica por 7 dias.
03/04/2025,Luna Da Costa,738.601.254-35,(21) 98437-3112,21388-317,25/05/1980,Sabrina,Calopsita,Pássaro,06/03/2008,Macho,"1,32",Dra. Julia,Exame de fezes,Dinheiro,"90,76","Peso abaixo do ideal, sugerir dieta."
15/08/2025,Bruna Azevedo,047.362.195-99,(21) 99282-3184,27612-683,09/01/1983,André,Papagaio,Pássaro,20/07/2013,Macho,"0,25",Dra. Millena,Raio-X,Crédito,"244,90",Realizar exames laboratoriais complementares.
05/10/2025,Sr. Lorenzo Almeida,294.610.738-87,(21) 96982-3573,22847-565,09/04/2000,Antony,Anão russo,Hamster,28/02/2024,Fêmea,"0,07",Dra. Millena,Consulta com especialista,Dinheiro,"228,16","Vacinação atualizada, sem reações."
09/10/2025,Esther Da Paz,305.249.718-97,(21) 96576-2233,23696-880,27/01/1988,Melina,Shih Tzu,Cachorro,28/06/2016,Fêmea,"13,43",Dr. Lucas,Exame de fezes,Débito,"72,21",Sinais de melhoria após tratamento.
29/09/2025,Sr. Liam Da Costa,529.678.410-30,(21) 98446-7240,28692-301,03/04/1981,Lavínia,Netherland Dwarf,Coelho,08/07/2023,Macho,"1,49",Dra. Millena,Exame de fezes,Débito,"110,18",Sedação leve para procedimento indicado.
08/11/2024,Isaac Rocha,793.481.062-87,(21) 99816-5905,21697-961,14/09/1971,Clara,SRD,Gato,08/03/2022,Macho,"4,63",Dra. Millena,Raio-X,Crédito,"202,77","Peso abaixo do ideal, sugerir dieta."
14/10/2025,Maria Sophia Leão,627.198.530-03,(21) 99458-5846,21657-519,16/10/2001,Eduardo,Calopsita,Pássaro,03/02/2010,Macho,"1,10",Dra. Julia,Limpeza dental,Pix,"297,04","Vacinação atualizada, sem reações."
13/03/2025,Srta. Ana Liz Rios,745.289.016-76,(21) 97438-6724,22419-241,28/07/1992,Luan,Lop,Coelho,04/04/2022,Fêmea,"2,30",Dra. Millena,Castração,Pix,"470,03",Sinais de melhoria após tratamento.
05/10/2025,João Pedro Da Conceição,865.793.024-29,(21) 96721-8135,28548-988,07/02/1981,Maria Alice,Lop,Coelho,22/10/2018,Macho,"5,15",Dra. Julia,Internação diária,Dinheiro,"146,95",Realizar exames laboratoriais complementares.
26/10/2025,Mariane Das Neves,863.947.512-19,(21) 97843-8777,24246-769,21/06/1980,Elisa,SRD,Cachorro,25/07/2016,Fêmea,"3,37",Dra. Julia,Ultrassonografia,Débito,"328,50","Peso abaixo do ideal, sugerir dieta."
10/10/2025,Maria Rios,520.469.837-00,(21) 96374-1423,23750-984,13/01/1982,Hadassa,Persa,Gato,30/06/2010,Macho,"6,14",Dr. Lucas,Raio-X,Pix,"232,14",Recomendada medicação antibiótica por 7 dias.
27/10/2025,Ana Julia Pereira,654.820.317-80,(21) 97205-2524,23630-414,03/12/1990,Enzo,Canário,Pássaro,18/05/2012,Macho,"0,05",Dr. Lucas,Ultrassonografia,Dinheiro,"181,45",Necessário retorno para avaliação em 15 dias.
19/03/2025,Emanuel Viana,296.018.347-96,(21) 96634-8973,23111-303,13/01/1999,Isaac,Papagaio,Pássaro,17/08/2018,Fêmea,"0,61",Dra. Julia,Ultrassonografia,Débito,"226,87",Necessário retorno para avaliação em 15 dias.
01/10/2025,Sra. Melissa Pimenta,152.907.348-05,(21) 99462-8484,24949-203,20/09/1964,Nicole,Sírio,Hamster,16/06/2023,Fêmea,"0,29",Dra. Julia,Limpeza dental,Pix,"346,87","Peso abaixo do ideal, sugerir dieta."
28/10/2025,Sr. Lorenzo Almeida,294.610.738-87,(21) 96982-3573,22847-565,09/04/2000,Antony,Anão russo,Hamster,29/11/2024,Fêmea,"0,23",Dra. Julia,Exame de fezes,Pix,"86,81",Sedação leve para procedimento indicado.
13/10/2025,Manuella Santos,217.853.096-68,(21) 98714-2501,23475-657,10/10/2000,Maria Julia,Netherland Dwarf,Coelho,21/09/2024,Macho,"1,40",Dr. Lucas,Ultrassonografia,Pix,"390,82",Recomendada medicação antibiótica por 7 dias.
29/08/2025,Dra. Ana Liz Santos,075.316.842-17,(21) 99056-2503,28691-220,18/05/1986,Davi Lucca,Lop,Coelho,18/12/2023,Fêmea,"3,81",Dra. Julia,Castração,Dinheiro,"372,95",Sinais de melhoria após tratamento.
01/10/2025,Maria Eduarda Borges,892.317.560-95,(21) 98446-3147,26172-157,17/08/1981,Maria Alice,Netherland Dwarf,Coelho,27/12/2020,Macho,"5,73",Dra. Julia,Ultrassonografia,Crédito,"221,93",Encaminhado para especialista.
27/04/2025,Joaquim Freitas,918.476.205-58,(21) 96779-7669,21545-099,05/04/1989,Pedro Henrique,Anão russo,Hamster,23/08/2024,Macho,"0,16",Dra. Millena,Banho e tosa,Dinheiro,"89,13",Necessário retorno para avaliação em 15 dias.
05/10/2025,Maria Sophia Leão,627.198.530-03,(21) 99458-5846,21657-519,16/10/2001,Maysa,Calopsita,Pássaro,29/10/2007,Macho,"0,78",Dra. Millena,Eutanásia,Crédito,"455,61","Vacinação atualizada, sem reações."
04/10/2025,Dr. Pedro Miguel Teixeira,596.407.123-61,(21) 97716-9850,22531-906,28/02/1997,Emanuelly,Shih Tzu,Cachorro,27/09/2024,Macho,"1,04",Dra. Julia,Eutanásia,Dinheiro,"386,22","Paciente estável, sem sinais vitais alterados."
29/09/2025,Dra. Anna Liz Montenegro,236.549.870-10,(21) 99577-7397,27702-044,01/07/1989,Pietro,SRD,Gato,09/06/2018,Macho,"2,10",Dra. Julia,Eutanásia,Crédito,"213,73","Ferida cicatrizando, curativo semanal."
04/11/2024,Yasmin Alves,670.329.148-96,(21) 99225-3608,21771-391,23/07/1964,José,Sírio,Hamster,25/07/2024,Macho,"0,22",Dra. Millena,Microchipagem,Crédito,"101,28","Paciente estável, sem sinais vitais alterados."
05/08/2025,Mateus Duarte,601.537.982-03,(21) 97432-8541,25000-840,12/07/2006,Theo,Shih Tzu,Cachorro,12/06/2018,Macho,"27,58",Dr. Lucas,Castração,Débito,"432,69","Vacinação atualizada, sem reações."
11/06/2025,Alexandre Da Mota,231.647.508-62,(21) 98497-1986,21625-970,21/06/2006,Rael,Pinscher,Cachorro,04/08/2022,Macho,"19,17",Dra. Millena,Castração,Crédito,"522,70",Sinais de melhoria após tratamento.
19/09/2025,Dr. Bruno Farias,026.751.948-67,(21) 99935-8102,25934-650,16/11/1964,Lunna,Anão russo,Hamster,31/01/2023,Macho,"0,28",Dr. Lucas,Ultrassonografia,Dinheiro,"234,43","Paciente estável, sem sinais vitais alterados."
18/10/2025,Ana Beatriz Barbosa,528.943.170-50,(21) 99811-6727,20436-424,01/05/1984,Gustavo,Pinscher,Cachorro,03/04/2021,Fêmea,"23,50",Dra. Millena,Exame de fezes,Crédito,"92,31",Realizar exames laboratoriais complementares.
28/10/2025,José Costa,824.169.537-37,(21) 99038-3076,26897-538,07/03/1998,Pedro,Siamês,Gato,16/11/2016,Fêmea,"4,25",Dra. Julia,Limpeza dental,Crédito,"467,66",Recomendada medicação antibiótica por 7 dias.
27/05/2025,Levi Oliveira,835.096.741-20,(21) 98256-6091,20224-565,09/09/1993,Lucas,SRD,Coelho,20/02/2025,Macho,"2,51",Dra. Julia,Internação diária,Pix,"222,86","Ferida cicatrizando, curativo semanal."
14/10/2025,Olivia Sá,938.176.524-37,(21) 98789-8354,25295-884,27/08/1969,Rebeca,SRD,Coelho,11/08/2024,Fêmea,"5,11",Dr. Lucas,Ultrassonografia,Pix,"390,29",Encaminhado para especialista.
01/10/2025,Julia Viana,678.130.954-48,(21) 98702-3103,27787-969,10/02/1992,Maria Cecília,Lop,Coelho,06/03/2022,Fêmea,"4,07",Dra. Julia,Internação diária,Dinheiro,"166,55","Paciente estável, sem sinais vitais alterados."
20/07/2025,Gael Henrique Pereira,912.037.458-50,(21) 97440-6119,21697-591,05/12/1995,Ana Luiza,Sírio,Hamster,25/08/2022,Fêmea,"0,09",Dra. Millena,Internação diária,Pix,"158,59","Vacinação atualizada, sem reações."
08/10/2025,Benjamin Barbosa,627.830.951-30,(21) 98659-5951,26689-119,03/06/1999,João,SRD,Cachorro,28/06/2020,Fêmea,"29,46",Dra. Julia,Raio-X,Débito,"172,25",Recomendada medicação antibiótica por 7 dias.
26/10/2025,Sra. Melissa Pimenta,152.907.348-05,(21) 99462-8484,24949-203,20/09/1964,Nicole,Sírio,Hamster,04/04/2023,Fêmea,"0,11",Dra. Millena,Limpeza dental,Débito,"418,58","Vacinação atualizada, sem reações."
16/10/2025,Matheus Da Costa,169.783.204-04,(21) 99191-6456,22754-078,07/02/1997,Antônio,Golden Retriever,Cachorro,15/03/2012,Macho,"15,87",Dra. Julia,Ultrassonografia,Débito,"219,16",Recomendada medicação antibiótica por 7 dias.
11/10/2025,Nicole Costela,647.059.132-99,(21) 96516-2076,24505-639,10/11/1982,Melissa,Papagaio,Pássaro,18/05/2011,Fêmea,"0,61",Dra. Julia,Consulta veterinária,Dinheiro,"186,37",Recomendada medicação antibiótica por 7 dias.
29/09/2025,Letícia Porto,270.569.148-02,(21) 97084-3340,22287-252,23/06/2001,Mariane,Periquito,Pássaro,29/06/2023,Macho,"0,44",Dr. Lucas,Limpeza dental,Crédito,"380,90","Ferida cicatrizando, curativo semanal."
15/10/2025,Guilherme Vieira,184.295.630-24,(21) 96515-4990,23362-070,21/07/2001,Diogo,Papagaio,Pássaro,30/12/2023,Macho,"0,25",Dr. Lucas,Consulta veterinária,Crédito,"147,95",Realizar exames laboratoriais complementares.
01/10/2025,Rafael Novaes,274.859.316-28,(21) 97904-4571,24198-785,03/01/1981,Calebe,SRD,Coelho,13/03/2018,Fêmea,"5,10",Dr. Lucas,Banho e tosa,Pix,"123,58",Sedação leve para procedimento indicado.
27/10/2025,Antônio Pinto,805.179.432-04,(21) 97637-9346,28785-339,30/06/1976,Thales,Maine Coon,Gato,14/06/2015,Fêmea,"4,57",Dr. Lucas,Internação diária,Débito,"189,23","Peso abaixo do ideal, sugerir dieta."
15/10/2025,Maria Rios,520.469.837-00,(21) 96374-1423,23750-984,13/01/1982,Gustavo,Periquito,Pássaro,12/12/2007,Fêmea,"0,19",Dr. Lucas,Limpeza dental,Débito,"431,04",Necessário retorno para avaliação em 15 dias.
20/07/2025,Emilly Cavalcante,045.231.867-07,(21) 99073-4995,27613-583,19/05/1988,Ana Julia,SRD,Coelho,31/01/2024,Macho,"5,06",Dra. Julia,Exame de fezes,Crédito,"84,05",Recomendada medicação antibiótica por 7 dias.
23/10/2025,Sr. Benício Cardoso,768.503.492-10,(21) 96470-7965,28922-230,26/08/1992,Isaque,Lop,Coelho,07/03/2018,Fêmea,"3,55",Dra. Millena,Banho e tosa,Débito,"140,07",Encaminhado para especialista.
20/10/2025,Ian Câmara,160.839.452-24,(21) 96234-6138,20821-598,20/08/1984,Otto,Anão russo,Hamster,16/09/2023,Fêmea,"0,12",Dra. Julia,Limpeza dental,Pix,"216,56",Realizar exames laboratoriais complementares.
09/10/2025,Cauê Brito,860.742.591-94,(21) 97837-8685,20086-927,19/07/1992,Caio,SRD,Coelho,15/01/2021,Fêmea,"3,07",Dra. Julia,Raio-X,Dinheiro,"234,06","Paciente estável, sem sinais vitais alterados."
29/09/2025,Srta. Hadassa Azevedo,458.901.673-75,(21) 96860-6862,24088-682,15/04/1983,Gabriel,Anão russo,Hamster,21/02/2024,Macho,"0,29",Dra. Millena,Limpeza dental,Dinheiro,"493,38",Necessário retorno para avaliação em 15 dias.
03/10/2025,Augusto Duarte,169.850.347-48,(21) 97784-8616,24397-330,21/06/1977,João,Lop,Coelho,29/01/2025,Macho,"3,32",Dr. Lucas,Vacinação,Crédito,"118,86",Realizar exames laboratoriais complementares.
15/10/2025,Augusto Guerra,603.185.497-00,(21) 97365-3463,21335-596,02/06/1989,Yago,Golden Retriever,Cachorro,16/09/2014,Macho,"28,11",Dra. Millena,Raio-X,Dinheiro,"240,93",Recomendada medicação antibiótica por 7 dias.
07/10/2025,Thales Peixoto,687.194.203-31,(21) 99905-7132,22500-703,25/09/1977,Leandro,Sírio,Hamster,01/09/2024,Fêmea,"0,15",Dr. Lucas,Exame de sangue,Dinheiro,"185,45",Sinais de melhoria após tratamento.
23/10/2025,Kaique Vargas,854.731.692-28,(21) 96644-3549,20815-690,05/12/1985,Luiza,Calopsita,Pássaro,09/04/2011,Macho,"0,69",Dra. Millena,Raio-X,Crédito,"248,36","Ferida cicatrizando, curativo semanal."
06/10/2025,Bruna Azevedo,047.362.195-99,(21) 99282-3184,27612-683,09/01/1983,André,Papagaio,Pássaro,29/12/2011,Macho,"1,02",Dra. Julia,Exame de fezes,Crédito,"116,72","Ferida cicatrizando, curativo semanal."
11/08/2025,Vitor Vargas,543.018.679-10,(21) 98570-3504,22621-811,08/10/1981,Lucas Gabriel,Calopsita,Pássaro,27/03/2013,Macho,"0,81",Dr. Lucas,Limpeza dental,Dinheiro,"350,55","Vacinação atualizada, sem reações."
01/10/2025,Srta. Sara Moreira,125.387.904-41,(21) 96134-5583,26070-222,05/05/1993,Zoe,SRD,Cachorro,27/04/2025,Macho,"7,50",Dra. Julia,Ultrassonografia,Débito,"348,41",Recomendada medicação antibiótica por 7 dias.
15/10/2025,Aurora Azevedo,237.094.516-80,(21) 97345-4817,22417-807,22/06/1979,Arthur Gabriel,SRD,Cachorro,22/04/2023,Fêmea,"30,06",Dr. Lucas,Consulta veterinária,Dinheiro,"189,41",Sinais de melhoria após tratamento.
23/10/2025,Ana Julia Pereira,654.820.317-80,(21) 97205-2524,23630-414,03/12/1990,Esther,Canário,Pássaro,18/07/2019,Fêmea,"1,91",Dra. Millena,Microchipagem,Dinheiro,"141,70",Sinais de melhoria após tratamento.
17/10/2025,Joaquim Freitas,918.476.205-58,(21) 96779-7669,21545-099,05/04/1989,Zoe,Anão russo,Hamster,01/03/2023,Macho,"0,11",Dra. Julia,Castração,Crédito,"287,49",Realizar exames laboratoriais complementares.
30/03/2025,Augusto Duarte,169.850.347-48,(21) 97784-8616,24397-330,21/06/1977,Nathan,Persa,Gato,13/12/2015,Macho,"7,56",Dra. Millena,Raio-X,Pix,"155,02",Encaminhado para especialista.
27/12/2024,Melina Pires,975.682.130-21,(21) 97829-3434,28824-495,04/02/1983,Erick,Ragdoll,Gato,17/11/2011,Fêmea,"2,60",Dra. Julia,Emergência 24h,Dinheiro,"372,37",Sedação leve para procedimento indicado.
27/10/2025,Gael Henrique Pereira,912.037.458-50,(21) 97440-6119,21697-591,05/12/1995,Emanuel,Shih Tzu,Cachorro,14/09/2012,Macho,"32,43",Dra. Millena,Ultrassonografia,Dinheiro,"367,38",Necessário retorno para avaliação em 15 dias.
28/10/2025,João Lucas Nogueira,180.964.357-01,(21) 97193-3352,27032-001,18/01/1993,Brayan,Siamês,Gato,17/09/2025,Fêmea,"7,16",Dr. Lucas,Limpeza dental,Crédito,"468,03",Sedação leve para procedimento indicado.
06/08/2025,Sr. Valentim Campos,623.941.805-60,(21) 99738-9153,22344-237,16/03/1992,Benjamim,Maine Coon,Gato,22/11/2010,Macho,"4,25",Dra. Julia,Emergência 24h,Crédito,"206,23","Paciente estável, sem sinais vitais alterados."
16/05/2025,Mathias Jesus,378.465.192-55,(21) 99580-2644,27213-102,01/11/1986,Liz,Lop,Coelho,04/07/2021,Macho,"3,11",Dra. Julia,Raio-X,Débito,"263,66",Recomendada medicação antibiótica por 7 dias.
04/10/2025,Bianca Da Costa,946.523.701-99,(21) 98001-7658,23937-707,24/03/1985,Theodoro,Ragdoll,Gato,23/12/2024,Macho,"3,41",Dra. Millena,Emergência 24h,Crédito,"278,85","Peso abaixo do ideal, sugerir dieta."
05/08/2025,Enzo Silveira,805.641.392-89,(21) 96681-8269,24906-925,10/10/1990,Enzo Gabriel,Labrador,Cachorro,08/04/2012,Fêmea,"39,13",Dra. Millena,Castração,Dinheiro,"285,59",Realizar exames laboratoriais complementares.
30/05/2025,Arthur Gabriel Sales,862.350.971-40,(21) 98014-7565,21213-590,20/08/1999,Paulo,Periquito,Pássaro,28/11/2010,Fêmea,"1,04",Dr. Lucas,Banho e tosa,Débito,"140,32","Paciente estável, sem sinais vitais alterados."
02/07/2025,Isaac Rocha,793.481.062-87,(21) 99816-5905,21697-961,14/09/1971,Clara,SRD,Gato,16/10/2022,Macho,"7,77",Dra. Millena,Castração,Pix,"457,60","Peso abaixo do ideal, sugerir dieta."
20/10/2025,Dr. Augusto Nunes,879.053.261-95,(21) 99281-4271,22267-893,08/03/1980,Emilly,Bulldog,Cachorro,22/09/2018,Fêmea,"27,79",Dra. Julia,Exame de sangue,Crédito,"183,09","Peso abaixo do ideal, sugerir dieta."
26/05/2025,Emanuel Viana,296.018.347-96,(21) 96634-8973,23111-303,13/01/1999,Isaac,Papagaio,Pássaro,29/01/2022,Fêmea,"1,77",Dr. Lucas,Consulta com especialista,Débito,"212,24",Realizar exames laboratoriais complementares.
17/02/2025,Anna Liz Gonçalves,516.708.324-90,(21) 99419-7807,27905-483,27/08/1983,Kevin,Lop,Coelho,19/08/2021,Fêmea,"5,96",Dra. Julia,Ultrassonografia,Dinheiro,"286,90","Vacinação atualizada, sem reações."
23/05/2025,Leandro Fonseca,280.694.137-78,(21) 96681-4872,26658-497,08/10/1988,Erick,Siamês,Gato,20/12/2024,Fêmea,"7,75",Dra. Millena,Internação diária,Crédito,"115,36",Sedação leve para procedimento indicado.
27/10/2024,Benjamin Barbosa,627.830.951-30,(21) 98659-5951,26689-119,03/06/1999,Hellena,Sphynx,Gato,13/08/2010,Macho,"6,30",Dra. Julia,Vacinação,Pix,"128,28","Vacinação atualizada, sem reações."
26/12/2024,Heloisa Ramos,471.582.630-53,(21) 96263-4505,26797-417,10/04/1986,Pedro Henrique,Sírio,Hamster,21/08/2024,Fêmea,"0,25",Dr. Lucas,Vacinação,Débito,"179,35",Necessário retorno para avaliação em 15 dias.
03/11/2024,Laís Freitas,174.938.250-41,(21) 99113-3504,21234-181,08/03/1959,Maysa,Papagaio,Pássaro,20/02/2020,Macho,"1,64",Dr. Lucas,Raio-X,Débito,"190,32","Vacinação atualizada, sem reações."
21/10/2025,Rafael Novaes,274.859.316-28,(21) 97904-4571,24198-785,03/01/1981,Calebe,SRD,Coelho,07/07/2024,Fêmea,"3,37",Dra. Julia,Eutanásia,Crédito,"216,33",Sedação leve para procedimento indicado.
14/08/2025,Giovanna Vargas,950.678.421-30,(21) 98635-8504,20510-062,09/04/1967,Isabella,Persa,Gato,22/12/2022,Macho,"3,67",Dr. Lucas,Internação diária,Débito,"123,36","Vacinação atualizada, sem reações."
11/10/2025,Pedro Miguel Ferreira,479.503.286-65,(21) 99605-5581,24526-569,24/09/1994,Eloah,Netherland Dwarf,Coelho,03/03/2020,Macho,"5,52",Dra. Millena,Emergência 24h,Dinheiro,"241,82","Peso abaixo do ideal, sugerir dieta."
06/09/2025,Renan Machado,957.486.321-28,(21) 98297-8007,20158-114,31/01/1996,Ana,Pinscher,Cachorro,18/12/2021,Fêmea,"34,88",Dr. Lucas,Consulta com especialista,Débito,"301,05",Sinais de melhoria após tratamento.
06/05/2025,Zoe Farias,036.279.518-59,(21) 96328-9320,23044-070,14/04/1993,Clara,Persa,Gato,21/03/2023,Macho,"2,68",Dra. Julia,Exame de fezes,Débito,"81,78",Sedação leve para procedimento indicado.
30/05/2025,Laís Souza,623.148.509-98,(21) 99894-9779,23033-196,20/06/1985,Ana Laura,Papagaio,Pássaro,26/02/2013,Macho,"1,40",Dr. Lucas,Emergência 24h,Crédito,"237,33",Realizar exames laboratoriais complementares.
09/10/2025,João Miguel Rocha,678.321.045-62,(21) 97892-9889,26770-055,24/12/1988,João Pedro,Calopsita,Pássaro,09/10/2020,Fêmea,"1,47",Dra. Julia,Castração,Pix,"390,79",Sedação leve para procedimento indicado.
22/10/2025,Henrique Teixeira,374.601.982-69,(21) 98932-4257,28928-429,20/06/1982,Lucas Gabriel,Poodle,Cachorro,15/07/2014,Macho,"37,16",Dr. Lucas,Banho e tosa,Crédito,"121,28",Encaminhado para especialista.
18/10/2025,Josué Souza,359.876.401-48,(21) 96858-6820,24374-718,10/10/1959,João Gabriel,Canário,Pássaro,01/04/2021,Fêmea,"0,41",Dr. Lucas,Exame de sangue,Dinheiro,"232,81",Realizar exames laboratoriais complementares.
23/10/2025,Helena Mendes,830.294.756-38,(21) 97682-1715,25968-692,27/12/2001,Nina,Ragdoll,Gato,10/02/2015,Macho,"7,02",Dra. Julia,Consulta veterinária,Dinheiro,"173,00",Necessário retorno para avaliação em 15 dias.
16/10/2025,Luiz Gustavo Da Luz,376.209.851-40,(21) 97663-5930,28977-853,23/07/1991,Dom,Canário,Pássaro,16/04/2023,Macho,"0,22",Dra. Millena,Microchipagem,Dinheiro,"84,73",Encaminhado para especialista.
20/07/2025,Ravi Garcia,593.820.164-06,(21) 98885-4150,21139-046,28/09/1991,Antony,Papagaio,Pássaro,10/10/2020,Fêmea,"0,97",Dr. Lucas,Exame de fezes,Dinheiro,"74,51",Recomendada medicação antibiótica por 7 dias.
17/05/2025,Augusto Duarte,169.850.347-48,(21) 97784-8616,24397-330,21/06/1977,João,Lop,Coelho,09/08/2017,Macho,"3,60",Dra. Millena,Consulta veterinária,Débito,"114,79",Necessário retorno para avaliação em 15 dias.
08/10/2025,Olivia Sá,938.176.524-37,(21) 98789-8354,25295-884,27/08/1969,Cecilia,Golden Retriever,Cachorro,29/07/2020,Fêmea,"3,37",Dra. Millena,Ultrassonografia,Pix,"394,56",Realizar exames laboratoriais complementares.
12/10/2025,Otávio Ferreira,740.329.158-14,(21) 99723-8368,23084-329,23/08/1984,Esther,Calopsita,Pássaro,04/12/2015,Macho,"1,36",Dra. Julia,Consulta com especialista,Dinheiro,"278,29",Sinais de melhoria após tratamento.
14/02/2025,Sr. Danilo Vasconcelos,239.850.167-12,(21) 96156-5349,21776-610,29/03/1990,Mariana,Lop,Coelho,20/08/2018,Macho,"1,66",Dra. Millena,Exame de fezes,Pix,"73,71",Sinais de melhoria após tratamento.
17/10/2025,Rebeca Caldeira,824.067.935-83,(21) 99293-3881,28486-475,05/09/1993,Beatriz,Anão russo,Hamster,21/01/2023,Fêmea,"0,17",Dra. Julia,Emergência 24h,Dinheiro,"379,95",Recomendada medicação antibiótica por 7 dias.
23/03/2025,Raul Pinto,462.587.310-07,(21) 96877-8953,28834-135,03/07/2002,Vitória,Papagaio,Pássaro,13/09/2007,Macho,"0,94",Dra. Millena,Limpeza dental,Débito,"282,56",Realizar exames laboratoriais complementares.
15/10/2025,Henrique Teixeira,374.601.982-69,(21) 98932-4257,28928-429,20/06/1982,Luiz Felipe,Persa,Gato,26/07/2008,Fêmea,"7,14",Dr. Lucas,Eutanásia,Crédito,"344,69","Ferida cicatrizando, curativo semanal."
16/10/2025,Thomas Monteiro,894.573.610-75,(21) 98986-9751,24010-167,15/12/1991,Mathias,Lop,Coelho,31/08/2022,Fêmea,"3,07",Dra. Julia,Exame de sangue,Crédito,"155,74",Necessário retorno para avaliação em 15 dias.
19/10/2025,Augusto Guerra,603.185.497-00,(21) 97365-3463,21335-596,02/06/1989,Yago,Golden Retriever,Cachorro,19/09/2018,Macho,"25,92",Dr. Lucas,Raio-X,Crédito,"180,08",Sinais de melhoria após tratamento.
06/01/2025,Ana Julia Pereira,654.820.317-80,(21) 97205-2524,23630-414,03/12/1990,Esther,Canário,Pássaro,03/01/2012,Fêmea,"0,91",Dra. Millena,Exame de sangue,Débito,"140,78",Recomendada medicação antibiótica por 7 dias.
22/05/2025,Vitor Vargas,543.018.679-10,(21) 98570-3504,22621-811,08/10/1981,Enzo,Periquito,Pássaro,04/09/2022,Macho,"1,96",Dra. Millena,Raio-X,Dinheiro,"239,01","Peso abaixo do ideal, sugerir dieta."
06/10/2025,Kaique Vargas,854.731.692-28,(21) 96644-3549,20815-690,05/12/1985,Luiza,Calopsita,Pássaro,26/06/2009,Macho,"0,03",Dra. Julia,Eutanásia,Débito,"457,18",Encaminhado para especialista.
24/12/2024,Ísis Moura,724.068.519-58,(21) 98906-7626,26843-296,22/05/2000,Ana Luiza,Calopsita,Pássaro,22/06/2021,Fêmea,"1,11",Dr. Lucas,Ultrassonografia,Crédito,"263,70","Ferida cicatrizando, curativo semanal."
19/09/2025,Bárbara Nunes,081.679.423-50,(21) 98409-1344,23770-602,08/11/1997,Vitor Gabriel,Anão russo,Hamster,20/01/2025,Fêmea,"0,10",Dr. Lucas,Vacinação,Débito,"145,48",Sinais de melhoria após tratamento.
14/11/2024,Yasmin Fernandes,283.497.610-40,(21) 97276-7062,25314-795,02/10/1960,Ana Luiza,Pinscher,Cachorro,26/01/2020,Fêmea,"15,12",Dr. Lucas,Castração,Débito,"710,98",Necessário retorno para avaliação em 15 dias.
20/12/2024,Josué Campos,671.450.893-00,(21) 98509-8251,28270-436,21/03/2001,Maria Cecília,Lop,Coelho,07/11/2024,Macho,"3,17",Dra. Julia,Internação diária,Dinheiro,"191,68","Paciente estável, sem sinais vitais alterados."
26/10/2025,Camila Martins,249.061.738-96,(21) 99411-4388,26883-398,23/11/1960,Liz,Anão russo,Hamster,22/03/2025,Macho,"0,10",Dra. Julia,Microchipagem,Dinheiro,"85,80",Necessário retorno para avaliação em 15 dias.
07/04/2025,Davi Lucca Garcia,248.905.361-24,(21) 96497-8941,20472-996,08/11/1992,Sofia,Anão russo,Hamster,14/12/2022,Fêmea,"0,13",Dra. Julia,Banho e tosa,Débito,"98,04","Vacinação atualizada, sem reações."
10/05/2025,Henrique Sousa,431.572.098-41,(21) 97697-8461,23185-735,18/04/1985,Emilly,Anão russo,Hamster,07/12/2023,Macho,"0,23",Dra. Millena,Exame de sangue,Débito,"173,95",Recomendada medicação antibiótica por 7 dias.
24/05/2025,Vitória Castro,980.527.461-67,(21) 97794-7118,28479-462,05/10/1993,Nina,Periquito,Pássaro,28/08/2023,Macho,"1,02",Dra. Millena,Consulta com especialista,Pix,"304,55","Paciente estável, sem sinais vitais alterados."
28/10/2024,Olivia Sá,938.176.524-37,(21) 98789-8354,25295-884,27/08/1969,Rebeca,SRD,Coelho,09/06/2017,Fêmea,"4,93",Dra. Julia,Emergência 24h,Pix,"281,35",Sedação leve para procedimento indicado.
07/10/2025,Srta. Sara Moreira,125.387.904-41,(21) 96134-5583,26070-222,05/05/1993,Zoe,SRD,Cachorro,04/04/2013,Macho,"28,74",Dra. Julia,Emergência 24h,Dinheiro,"300,37","Peso abaixo do ideal, sugerir dieta."
09/10/2025,Bárbara Nunes,081.679.423-50,(21) 98409-1344,23770-602,08/11/1997,Ian,SRD,Coelho,17/01/2020,Fêmea,"1,08",Dra. Millena,Exame de fezes,Dinheiro,"87,77","Peso abaixo do ideal, sugerir dieta."
06/10/2025,Giovanna Vargas,950.678.421-30,(21) 98635-8504,20510-062,09/04/1967,Natália,Sírio,Hamster,05/12/2024,Macho,"0,23",Dra. Millena,Consulta com especialista,Pix,"280,22","Vacinação atualizada, sem reações."
20/10/2025,Ana Sophia Machado,467.935.081-48,(21) 98212-3129,24106-817,29/08/2000,Davi Luiz,Ragdoll,Gato,30/05/2008,Macho,"2,83",Dra. Millena,Limpeza dental,Crédito,"255,48","Ferida cicatrizando, curativo semanal."
28/03/2025,Sr. Théo Da Costa,301.568.742-53,(21) 97858-3591,20053-976,20/02/2005,Ana,Shih Tzu,Cachorro,25/10/2019,Macho,"10,05",Dra. Millena,Consulta veterinária,Pix,"122,71","Paciente estável, sem sinais vitais alterados."
11/10/2025,Fernando Cunha,521.963.807-68,(21) 99573-8994,28864-036,18/12/1992,Thales,Ragdoll,Gato,05/08/2014,Fêmea,"6,11",Dra. Millena,Vacinação,Débito,"96,55",Sedação leve para procedimento indicado.
11/08/2025,Dra. Anna Liz Montenegro,236.549.870-10,(21) 99577-7397,27702-044,01/07/1989,Aurora,Shih Tzu,Cachorro,28/09/2020,Macho,"13,49",Dr. Lucas,Emergência 24h,Pix,"354,84",Realizar exames laboratoriais complementares.
12/09/2025,Daniela Cavalcante,842.579.063-83,(21) 98102-6931,21786-462,18/10/1981,Dante,Periquito,Pássaro,22/08/2008,Macho,"0,69",Dra. Julia,Raio-X,Crédito,"205,62",Realizar exames laboratoriais complementares.
30/09/2025,Esther Brito,473.916.805-75,(21) 99738-9317,21743-891,24/02/1980,Benício,Netherland Dwarf,Coelho,11/10/2018,Fêmea,"5,81",Dr. Lucas,Consulta veterinária,Crédito,"171,33","Peso abaixo do ideal, sugerir dieta."
26/07/2025,Gustavo Silva,893.461.572-91,(21) 98078-6766,21215-317,07/10/1999,Valentim,Netherland Dwarf,Coelho,15/04/2020,Macho,"2,12",Dr. Lucas,Castração,Débito,"394,47",Recomendada medicação antibiótica por 7 dias.
20/10/2025,Daniela Cavalcante,842.579.063-83,(21) 98102-6931,21786-462,18/10/1981,Dante,Periquito,Pássaro,22/03/2019,Macho,"1,94",Dra. Millena,Exame de fezes,Débito,"68,83",Realizar exames laboratoriais complementares.
15/10/2025,Vitória Castro,980.527.461-67,(21) 97794-7118,28479-462,05/10/1993,Nina,Periquito,Pássaro,16/08/2014,Macho,"1,69",Dr. Lucas,Limpeza dental,Pix,"230,20","Peso abaixo do ideal, sugerir dieta."
15/06/2025,Mariah Da Cruz,714.385.069-10,(21) 99493-2874,23522-440,09/04/1993,Isadora,Lop,Coelho,13/01/2025,Macho,"1,33",Dr. Lucas,Raio-X,Dinheiro,"221,80",Sinais de melhoria após tratamento.
06/10/2025,Augusto Duarte,169.850.347-48,(21) 97784-8616,24397-330,21/06/1977,Liz,Sírio,Hamster,23/11/2023,Fêmea,"0,22",Dra. Millena,Vacinação,Débito,"85,40",Encaminhado para especialista.
27/10/2025,Emanuel Viana,296.018.347-96,(21) 96634-8973,23111-303,13/01/1999,Isaac,Papagaio,Pássaro,25/01/2020,Fêmea,"0,11",Dra. Julia,Exame de fezes,Pix,"60,62",Recomendada medicação antibiótica por 7 dias.
03/10/2025,Mariana Andrade,104.965.823-05,(21) 99037-1409,24506-250,24/11/1996,Marcelo,Maine Coon,Gato,23/08/2020,Macho,"2,14",Dra. Julia,Limpeza dental,Crédito,"244,21",Necessário retorno para avaliação em 15 dias.
01/04/2025,Dr. João Gabriel Das Neves,957.462.381-55,(21) 96920-6085,23262-150,08/03/1993,Agatha,Anão russo,Hamster,16/04/2024,Macho,"0,19",Dr. Lucas,Consulta com especialista,Débito,"250,72",Sinais de melhoria após tratamento.
16/08/2025,Daniel Araújo,839.540.721-14,(21) 97920-2118,27245-646,09/01/1992,Pietra,Canário,Pássaro,13/11/2008,Fêmea,"1,88",Dra. Julia,Eutanásia,Pix,"310,72",Encaminhado para especialista.
17/03/2025,Gustavo Gonçalves,354.018.627-17,(21) 96958-8355,28749-244,01/08/1985,Eloah,Sírio,Hamster,15/07/2023,Macho,"0,14",Dra. Julia,Microchipagem,Dinheiro,"88,88",Sinais de melhoria após tratamento.
20/07/2025,Renan Machado,957.486.321-28,(21) 98297-8007,20158-114,31/01/1996,Amanda,Canário,Pássaro,30/07/2017,Fêmea,"1,32",Dra. Millena,Raio-X,Dinheiro,"218,92",Sinais de melhoria após tratamento.
06/10/2025,Maria Clara Castro,341.670.952-70,(21) 96511-9785,26201-080,29/12/1979,Manuella,Anão russo,Hamster,07/07/2024,Macho,"0,07",Dra. Julia,Ultrassonografia,Dinheiro,"322,38",Recomendada medicação antibiótica por 7 dias.
22/10/2025,Ravy Ferreira,278.914.365-09,(21) 99442-3704,27657-941,09/02/1981,Ayla,SRD,Coelho,03/12/2018,Macho,"3,42",Dra. Millena,Emergência 24h,Crédito,"358,79","Peso abaixo do ideal, sugerir dieta."
22/10/2025,Dra. Letícia Melo,592.347.861-73,(21) 99306-4705,27030-865,30/12/1980,Leonardo,SRD,Gato,26/02/2008,Macho,"5,49",Dra. Julia,Exame de sangue,Pix,"156,83","Vacinação atualizada, sem reações."
06/07/2025,Rodrigo Câmara,604.725.893-00,(21) 98360-5415,20659-781,12/02/2002,Gustavo,Golden Retriever,Cachorro,22/06/2016,Macho,"34,38",Dra. Julia,Consulta veterinária,Pix,"101,07","Vacinação atualizada, sem reações."
07/02/2025,Dr. Augusto Nunes,879.053.261-95,(21) 99281-4271,22267-893,08/03/1980,Melina,Anão russo,Hamster,23/12/2024,Macho,"0,15",Dra. Julia,Ultrassonografia,Débito,"286,90",Necessário retorno para avaliação em 15 dias.
22/07/2025,Dr. Erick Vasconcelos,153.860.247-44,(21) 99061-6352,26807-179,06/05/1983,Henry Gabriel,Canário,Pássaro,09/11/2014,Fêmea,"0,44",Dr. Lucas,Eutanásia,Débito,"206,88",Sinais de melhoria após tratamento.
07/11/2024,Srta. Hadassa Azevedo,458.901.673-75,(21) 96860-6862,24088-682,15/04/1983,Gabriel,Anão russo,Hamster,28/03/2023,Macho,"0,27",Dra. Millena,Ultrassonografia,Pix,"326,66",Necessário retorno para avaliação em 15 dias.
04/10/2025,Dra. Anna Liz Montenegro,236.549.870-10,(21) 99577-7397,27702-044,01/07/1989,Pietro,SRD,Gato,22/10/2012,Macho,"5,34",Dr. Lucas,Ultrassonografia,Crédito,"288,04",Necessário retorno para avaliação em 15 dias.
03/10/2025,Ana Julia Pereira,654.820.317-80,(21) 97205-2524,23630-414,03/12/1990,Enzo,Canário,Pássaro,05/04/2017,Macho,"1,13",Dra. Julia,Vacinação,Débito,"113,32",Necessário retorno para avaliação em 15 dias.
07/05/2025,João Pedro Santos,812.035.496-60,(21) 99657-6238,28849-082,24/04/1993,Isabella,Periquito,Pássaro,18/08/2011,Fêmea,"1,75",Dra. Millena,Raio-X,Pix,"177,53",Recomendada medicação antibiótica por 7 dias.
23/07/2025,Sra. Sofia Das Neves,356.082.497-47,(21) 97295-8491,21188-009,19/09/1982,Noah,Sírio,Hamster,31/08/2023,Macho,"0,23",Dra. Millena,Eutanásia,Crédito,"441,52","Ferida cicatrizando, curativo semanal."
23/10/2025,Anthony Gabriel Santos,748.012.536-44,(21) 98687-3417,20090-914,30/03/2008,Mariah,Anão russo,Hamster,29/12/2023,Fêmea,"0,15",Dra. Millena,Exame de fezes,Crédito,"88,49",Encaminhado para especialista.
24/01/2025,Antônio Pinto,805.179.432-04,(21) 97637-9346,28785-339,30/06/1976,Thales,Maine Coon,Gato,29/07/2013,Fêmea,"6,34",Dra. Julia,Consulta com especialista,Crédito,"196,47","Ferida cicatrizando, curativo semanal."
13/10/2025,Thomas Monteiro,894.573.610-75,(21) 98986-9751,24010-167,15/12/1991,Hadassa,Netherland Dwarf,Coelho,21/06/2023,Macho,"3,30",Dr. Lucas,Internação diária,Dinheiro,"199,90","Ferida cicatrizando, curativo semanal."
24/10/2025,Daniela Da Costa,053.819.276-30,(21) 96008-7209,26396-271,20/06/1965,Luna,Persa,Gato,19/08/2014,Fêmea,"2,24",Dra. Julia,Microchipagem,Débito,"119,26","Ferida cicatrizando, curativo semanal."
21/10/2025,Lara Pinto,603.249.815-89,(21) 98744-6400,22002-420,13/10/1987,Enzo,Siamês,Gato,27/06/2008,Fêmea,"2,87",Dra. Julia,Raio-X,Crédito,"173,41",Sinais de melhoria após tratamento.
22/04/2025,Zoe Vasconcelos,165.739.804-84,(21) 98948-3041,24920-519,25/05/1987,Kamilly,Netherland Dwarf,Coelho,16/07/2022,Macho,"4,26",Dr. Lucas,Ultrassonografia,Dinheiro,"222,64","Peso abaixo do ideal, sugerir dieta."
24/07/2025,João Pedro Da Costa,439.678.152-00,(21) 98385-7049,22426-440,05/05/1991,Olívia,Poodle,Cachorro,27/05/2015,Fêmea,"12,53",Dra. Julia,Internação diária,Pix,"155,07",Sedação leve para procedimento indicado.
11/10/2025,Ravi Campos,932.740.856-00,(21) 99437-4266,20333-636,08/03/1996,Caroline,Ragdoll,Gato,27/01/2015,Fêmea,"4,05",Dra. Millena,Castração,Crédito,"296,88","Peso abaixo do ideal, sugerir dieta."
05/10/2025,Danilo Rezende,485.397.216-19,(21) 96679-1977,25039-609,24/03/2005,Lavínia,Canário,Pássaro,24/08/2010,Macho,"1,50",Dra. Julia,Banho e tosa,Dinheiro,"66,14","Ferida cicatrizando, curativo semanal."
16/10/2025,Gustavo Gonçalves,354.018.627-17,(21) 96958-8355,28749-244,01/08/1985,Eloah,Sírio,Hamster,29/12/2024,Macho,"0,10",Dra. Millena,Internação diária,Dinheiro,"206,98","Vacinação atualizada, sem reações."
28/10/2025,Rodrigo Câmara,604.725.893-00,(21) 98360-5415,20659-781,12/02/2002,Gustavo,Golden Retriever,Cachorro,14/08/2013,Macho,"22,32",Dr. Lucas,Limpeza dental,Pix,"464,04","Peso abaixo do ideal, sugerir dieta."
27/10/2025,João Pedro Santos,812.035.496-60,(21) 99657-6238,28849-082,24/04/1993,Isabella,Periquito,Pássaro,22/04/2022,Fêmea,"0,12",Dra. Millena,Limpeza dental,Pix,"491,31",Necessário retorno para avaliação em 15 dias.
14/10/2025,Alexandre Da Mota,231.647.508-62,(21) 98497-1986,21625-970,21/06/2006,Lívia,Golden Retriever,Cachorro,22/01/2011,Macho,"12,36",Dra. Julia,Emergência 24h,Crédito,"328,93","Ferida cicatrizando, curativo semanal."
17/10/2025,Bruna Azevedo,047.362.195-99,(21) 99282-3184,27612-683,09/01/1983,André,Papagaio,Pássaro,10/08/2012,Macho,"0,78",Dr. Lucas,Castração,Pix,"596,26","Paciente estável, sem sinais vitais alterados."
17/04/2025,Isaac Cavalcante,317.640.529-43,(21) 99596-4946,21290-087,04/02/2008,Alícia,Sírio,Hamster,27/12/2023,Macho,"0,14",Dra. Millena,Banho e tosa,Pix,"148,48",Sedação leve para procedimento indicado.
25/10/2025,Davi Lucca Garcia,248.905.361-24,(21) 96497-8941,20472-996,08/11/1992,Sofia,Anão russo,Hamster,13/06/2023,Fêmea,"0,18",Dr. Lucas,Raio-X,Débito,"177,80",Necessário retorno para avaliação em 15 dias.
06/06/2025,João Lucas Martins,513.864.709-10,(21) 96079-9005,21832-951,08/07/1991,Stephany,Anão russo,Hamster,30/05/2024,Fêmea,"0,17",Dra. Millena,Consulta com especialista,Débito,"266,56",Sedação leve para procedimento indicado.
24/02/2025,Anthony Gabriel Santos,748.012.536-44,(21) 98687-3417,20090-914,30/03/2008,Mariah,Anão russo,Hamster,10/02/2024,Fêmea,"0,24",Dra. Julia,Exame de fezes,Crédito,"77,28","Paciente estável, sem sinais vitais alterados."
23/10/2025,Maria Clara Castro,341.670.952-70,(21) 96511-9785,26201-080,29/12/1979,Elisa,Papagaio,Pássaro,04/08/2020,Fêmea,"1,70",Dra. Julia,Raio-X,Pix,"186,34",Necessário retorno para avaliação em 15 dias.
29/10/2024,Dra. Clarice Farias,509.826.317-40,(21) 99567-7717,22529-076,17/05/1992,Ana Vitória,Netherland Dwarf,Coelho,26/07/2022,Macho,"3,45",Dra. Millena,Emergência 24h,Pix,"302,31",Realizar exames laboratoriais complementares.
03/10/2025,Sr. Théo Da Costa,301.568.742-53,(21) 97858-3591,20053-976,20/02/2005,Ana,Shih Tzu,Cachorro,05/07/2011,Macho,"39,22",Dra. Millena,Internação diária,Débito,"245,90","Peso abaixo do ideal, sugerir dieta."
31/12/2024,Luan Vasconcelos,013.765.298-40,(21) 97180-9117,26561-833,15/03/2009,João Guilherme,Golden Retriever,Cachorro,30/05/2011,Fêmea,"26,55",Dr. Lucas,Ultrassonografia,Débito,"208,54","Ferida cicatrizando, curativo semanal."
04/02/2025,Nathan Garcia,673.512.048-53,(21) 96195-2996,23906-429,20/03/1981,Hadassa,Anão russo,Hamster,03/03/2022,Fêmea,"0,13",Dr. Lucas,Consulta com especialista,Pix,"290,66","Ferida cicatrizando, curativo semanal."
21/04/2025,Henrique Montenegro,096.157.823-86,(21) 96334-7326,26142-229,08/12/1996,Rafael,Lop,Coelho,30/07/2023,Macho,"4,50",Dra. Julia,Exame de fezes,Débito,"72,31",Realizar exames laboratoriais complementares.
14/06/2025,Isaac Cavalcante,317.640.529-43,(21) 99596-4946,21290-087,04/02/2008,Alícia,Sírio,Hamster,22/12/2022,Macho,"0,26",Dr. Lucas,Ultrassonografia,Pix,"283,58",Sinais de melhoria após tratamento.
10/10/2025,Esther Da Paz,305.249.718-97,(21) 96576-2233,23696-880,27/01/1988,Melina,Shih Tzu,Cachorro,12/03/2017,Fêmea,"2,01",Dra. Millena,Exame de sangue,Pix,"111,63",Sedação leve para procedimento indicado.
16/10/2025,Bruna Azevedo,047.362.195-99,(21) 99282-3184,27612-683,09/01/1983,André,Papagaio,Pássaro,09/09/2006,Macho,"1,47",Dr. Lucas,Microchipagem,Dinheiro,"131,50","Ferida cicatrizando, curativo semanal."
25/01/2025,Manuella Santos,217.853.096-68,(21) 98714-2501,23475-657,10/10/2000,Maria Julia,Netherland Dwarf,Coelho,18/04/2020,Macho,"1,86",Dra. Julia,Exame de sangue,Dinheiro,"232,96",Encaminhado para especialista.
17/10/2025,Emanuel Viana,296.018.347-96,(21) 96634-8973,23111-303,13/01/1999,Isaac,Papagaio,Pássaro,29/08/2021,Fêmea,"1,73",Dra. Millena,Castração,Débito,"252,93",Realizar exames laboratoriais complementares.
02/12/2024,Jade Souza,652.709.814-67,(21) 96454-8043,24640-694,12/02/1985,Danilo,Shih Tzu,Cachorro,22/01/2018,Macho,"7,83",Dra. Julia,Consulta com especialista,Dinheiro,"186,36",Recomendada medicação antibiótica por 7 dias.
12/10/2025,Henrique Sousa,431.572.098-41,(21) 97697-8461,23185-735,18/04/1985,Maria,Anão russo,Hamster,25/11/2024,Macho,"0,13",Dr. Lucas,Consulta com especialista,Débito,"221,68",Sedação leve para procedimento indicado.
24/11/2024,Thales Martins,124.967.580-49,(21) 99826-6568,28318-273,04/06/2005,Luísa,SRD,Coelho,18/01/2023,Macho,"1,08",Dra. Julia,Vacinação,Dinheiro,"80,63",Recomendada medicação antibiótica por 7 dias.
15/01/2025,Julia Viana,678.130.954-48,(21) 98702-3103,27787-969,10/02/1992,Maya,Siamês,Gato,18/01/2014,Fêmea,"7,76",Dr. Lucas,Exame de sangue,Débito,"203,10",Realizar exames laboratoriais complementares.
04/10/2025,Luna Martins,246.809.751-30,(21) 97167-7054,22584-448,25/12/2004,Dante,Papagaio,Pássaro,04/05/2016,Fêmea,"1,12",Dra. Julia,Ultrassonografia,Débito,"198,83",Sedação leve para procedimento indicado.
09/06/2025,Sra. Maria Liz Rios,297.418.306-96,(21) 98440-7252,27668-541,04/11/1983,Bento,SRD,Coelho,09/12/2021,Macho,"3,62",Dra. Julia,Internação diária,Crédito,"184,74",Sedação leve para procedimento indicado.
27/10/2024,Ravi Porto,216.458.390-60,(21) 99485-9098,25325-186,28/06/1989,Francisco,Sírio,Hamster,27/04/2024,Fêmea,"0,18",Dra. Millena,Limpeza dental,Débito,"404,64",Realizar exames laboratoriais complementares.
01/10/2025,Dr. Augusto Nunes,879.053.261-95,(21) 99281-4271,22267-893,08/03/1980,Emilly,Bulldog,Cachorro,25/09/2015,Fêmea,"37,41",Dra. Julia,Internação diária,Crédito,"248,72",Realizar exames laboratoriais complementares.
21/10/2025,Thales Martins,124.967.580-49,(21) 99826-6568,28318-273,04/06/2005,Pedro Henrique,Poodle,Cachorro,09/09/2017,Macho,"29,25",Dra. Julia,Consulta veterinária,Débito,"148,53",Sedação leve para procedimento indicado.
06/05/2025,Raul Nascimento,518.302.467-71,(21) 98859-3615,26924-348,18/05/1994,Alícia,Sírio,Hamster,09/08/2022,Macho,"0,15",Dr. Lucas,Castração,Pix,"785,90","Vacinação atualizada, sem reações."
10/10/2025,Murilo Teixeira,658.701.243-44,(21) 98424-7455,20444-085,14/03/1996,Alice,Calopsita,Pássaro,02/07/2011,Macho,"0,88",Dr. Lucas,Castração,Pix,"686,91","Peso abaixo do ideal, sugerir dieta."
22/02/2025,Bella Carvalho,427.698.051-85,(21) 99538-8651,20887-689,20/09/1980,Laís,SRD,Gato,27/12/2017,Macho,"4,91",Dra. Millena,Internação diária,Dinheiro,"113,20",Sedação leve para procedimento indicado.
31/01/2025,Ana Beatriz Barbosa,528.943.170-50,(21) 99811-6727,20436-424,01/05/1984,Igor,Sphynx,Gato,27/11/2017,Macho,"3,56",Dra. Millena,Emergência 24h,Dinheiro,"270,77",Encaminhado para especialista.
16/10/2025,Ágatha Sousa,573.169.048-01,(21) 99058-4727,21480-444,27/12/1954,Yuri,Netherland Dwarf,Coelho,25/10/2024,Fêmea,"3,78",Dra. Julia,Banho e tosa,Débito,"115,11",Sinais de melhoria após tratamento.
19/09/2025,Maria Clara Castro,341.670.952-70,(21) 96511-9785,26201-080,29/12/1979,Elisa,Papagaio,Pássaro,12/07/2011,Fêmea,"1,92",Dr. Lucas,Exame de sangue,Dinheiro,"104,99","Paciente estável, sem sinais vitais alterados."
26/01/2025,Maria Sophia Leão,627.198.530-03,(21) 99458-5846,21657-519,16/10/2001,Maysa,Calopsita,Pássaro,31/07/2011,Macho,"0,19",Dr. Lucas,Ultrassonografia,Crédito,"284,41",Recomendada medicação antibiótica por 7 dias.
02/10/2025,Zoe Almeida,036.548.971-93,(21) 96033-5497,20803-932,15/06/1985,Heloísa,Canário,Pássaro,30/03/2010,Fêmea,"0,54",Dra. Julia,Exame de fezes,Crédito,"95,03","Ferida cicatrizando, curativo semanal."
25/10/2025,Emanuel Viana,296.018.347-96,(21) 96634-8973,23111-303,13/01/1999,Isaac,Papagaio,Pássaro,12/04/2019,Fêmea,"0,56",Dra. Julia,Exame de sangue,Crédito,"232,80",Sinais de melhoria após tratamento.
17/10/2025,Fernando Cunha,521.963.807-68,(21) 99573-8994,28864-036,18/12/1992,Thales,Ragdoll,Gato,30/06/2014,Fêmea,"3,17",Dra. Julia,Microchipagem,Dinheiro,"104,91",Recomendada medicação antibiótica por 7 dias.
26/10/2025,Esther Duarte,418.965.370-57,(21) 99506-4826,26730-044,12/11/1984,Josué,Labrador,Cachorro,01/05/2023,Macho,"19,09",Dra. Julia,Castração,Débito,"265,38",Recomendada medicação antibiótica por 7 dias.
22/10/2025,Dr. João Gabriel Das Neves,957.462.381-55,(21) 96920-6085,23262-150,08/03/1993,Agatha,Anão russo,Hamster,18/06/2023,Macho,"0,06",Dra. Julia,Microchipagem,Crédito,"114,94","Peso abaixo do ideal, sugerir dieta."
05/10/2025,Luísa Nunes,687.059.143-10,(21) 99427-2816,28189-611,20/02/1980,Luiz Henrique,SRD,Coelho,24/10/2018,Fêmea,"3,86",Dr. Lucas,Vacinação,Dinheiro,"96,20",Realizar exames laboratoriais complementares.
14/05/2025,Maria Luísa Camargo,085.419.327-88,(21) 96420-9042,20200-587,28/03/1985,Gabriel,SRD,Coelho,27/09/2017,Fêmea,"5,98",Dra. Julia,Castração,Pix,"743,02","Ferida cicatrizando, curativo semanal."
11/10/2025,Otto Freitas,180.736.294-96,(21) 96423-8381,25626-731,13/08/1980,Vitor Gabriel,Shih Tzu,Cachorro,28/09/2022,Macho,"4,62",Dra. Millena,Banho e tosa,Crédito,"68,75","Ferida cicatrizando, curativo semanal."
27/10/2025,Dr. Pedro Henrique Pereira,014.872.936-31,(21) 98371-5033,20651-634,24/01/1982,Lucas,Papagaio,Pássaro,10/06/2021,Fêmea,"0,85",Dra. Millena,Ultrassonografia,Crédito,"376,15",Realizar exames laboratoriais complementares.
24/11/2024,Antônio Pinto,805.179.432-04,(21) 97637-9346,28785-339,30/06/1976,Thales,Maine Coon,Gato,10/04/2021,Fêmea,"6,71",Dra. Julia,Internação diária,Dinheiro,"117,41","Ferida cicatrizando, curativo semanal."
01/06/2025,Clarice Da Rosa,705.963.241-70,(21) 97399-4509,27967-196,18/08/1996,Vinicius,SRD,Coelho,22/02/2024,Fêmea,"4,61",Dra. Millena,Limpeza dental,Crédito,"483,70",Encaminhado para especialista.
31/08/2025,Ravy Ferreira,278.914.365-09,(21) 99442-3704,27657-941,09/02/1981,Ayla,SRD,Coelho,10/10/2024,Macho,"1,18",Dr. Lucas,Banho e tosa,Débito,"118,84",Encaminhado para especialista.
24/10/2025,Vinicius Marques,270.145.986-94,(21) 96282-7071,28289-663,03/03/1987,Levi,Canário,Pássaro,08/03/2006,Fêmea,"0,83",Dra. Millena,Emergência 24h,Dinheiro,"221,84",Recomendada medicação antibiótica por 7 dias.
19/06/2025,José Costa,824.169.537-37,(21) 99038-3076,26897-538,07/03/1998,Bruno,Calopsita,Pássaro,27/03/2010,Macho,"0,12",Dra. Julia,Consulta veterinária,Débito,"108,61","Vacinação atualizada, sem reações."
05/11/2024,Mariah Da Cruz,714.385.069-10,(21) 99493-2874,23522-440,09/04/1993,Enzo,Persa,Gato,11/12/2015,Macho,"6,47",Dr. Lucas,Raio-X,Crédito,"252,65",Sinais de melhoria após tratamento.
08/08/2025,Kaique Vargas,854.731.692-28,(21) 96644-3549,20815-690,05/12/1985,Luiza,Calopsita,Pássaro,13/11/2005,Macho,"1,15",Dra. Millena,Internação diária,Débito,"104,76",Recomendada medicação antibiótica por 7 dias.
09/10/2025,Cecilia Pires,743.821.659-46,(21) 98267-8753,28698-352,24/05/1983,Lucas,Periquito,Pássaro,02/05/2016,Fêmea,"0,38",Dra. Millena,Exame de fezes,Pix,"74,69",Sinais de melhoria após tratamento.
15/07/2025,Laís Souza,623.148.509-98,(21) 99894-9779,23033-196,20/06/1985,Ana Laura,Papagaio,Pássaro,02/09/2022,Macho,"1,08",Dra. Julia,Castração,Pix,"292,67",Sinais de melhoria após tratamento.
22/05/2025,Juliana Azevedo,483.520.197-32,(21) 97556-2654,24554-464,16/08/1989,Maria Vitória,Labrador,Cachorro,17/08/2014,Fêmea,"26,81",Dra. Julia,Raio-X,Pix,"189,84",Realizar exames laboratoriais complementares.
20/10/2025,Allana Camargo,832.714.065-53,(21) 97482-7543,23593-141,12/10/1998,Kamilly,Persa,Gato,10/05/2015,Fêmea,"2,16",Dra. Millena,Microchipagem,Débito,"127,29","Peso abaixo do ideal, sugerir dieta."
25/06/2025,Melina Pires,975.682.130-21,(21) 97829-3434,28824-495,04/02/1983,Erick,Ragdoll,Gato,18/05/2023,Fêmea,"6,68",Dra. Julia,Raio-X,Pix,"265,03","Paciente estável, sem sinais vitais alterados."
13/08/2025,Otto Freitas,180.736.294-96,(21) 96423-8381,25626-731,13/08/1980,José,Maine Coon,Gato,09/02/2012,Fêmea,"4,44",Dr. Lucas,Ultrassonografia,Débito,"331,89",Sedação leve para procedimento indicado.
07/10/2025,Luna Martins,246.809.751-30,(21) 97167-7054,22584-448,25/12/2004,Dante,Papagaio,Pássaro,15/10/2023,Fêmea,"0,29",Dra. Julia,Eutanásia,Débito,"336,81",Encaminhado para especialista.
11/10/2025,Josué Souza,359.876.401-48,(21) 96858-6820,24374-718,10/10/1959,João Gabriel,Canário,Pássaro,15/02/2023,Fêmea,"0,38",Dra. Julia,Limpeza dental,Crédito,"437,27",Necessário retorno para avaliação em 15 dias.
05/10/2025,Ravy Ferreira,278.914.365-09,(21) 99442-3704,27657-941,09/02/1981,Ayla,SRD,Coelho,04/06/2022,Macho,"5,90",Dr. Lucas,Vacinação,Pix,"82,40",Necessário retorno para avaliação em 15 dias.
12/10/2025,Maria Clara Castro,341.670.952-70,(21) 96511-9785,26201-080,29/12/1979,Manuella,Anão russo,Hamster,22/05/2025,Macho,"0,04",Dr. Lucas,Internação diária,Débito,"191,22","Paciente estável, sem sinais vitais alterados."
04/10/2025,Dra. Ana Liz Santos,075.316.842-17,(21) 99056-2503,28691-220,18/05/1986,Davi Lucca,Lop,Coelho,25/05/2018,Fêmea,"4,82",Dra. Millena,Exame de fezes,Crédito,"84,62","Ferida cicatrizando, curativo semanal."
13/10/2025,João Miguel Rocha,678.321.045-62,(21) 97892-9889,26770-055,24/12/1988,João Pedro,Calopsita,Pássaro,12/01/2015,Fêmea,"1,34",Dra. Julia,Banho e tosa,Dinheiro,"106,03","Ferida cicatrizando, curativo semanal."
20/10/2025,João Lucas Nogueira,180.964.357-01,(21) 97193-3352,27032-001,18/01/1993,Brayan,Siamês,Gato,24/06/2020,Fêmea,"7,48",Dr. Lucas,Ultrassonografia,Pix,"301,90",Necessário retorno para avaliação em 15 dias.
12/10/2025,Dra. Letícia Melo,592.347.861-73,(21) 99306-4705,27030-865,30/12/1980,Leonardo,SRD,Gato,08/10/2008,Macho,"3,01",Dra. Millena,Consulta veterinária,Dinheiro,"195,99","Paciente estável, sem sinais vitais alterados."
16/09/2025,Juliana Alves,158.024.936-15,(21) 96743-5557,27141-650,07/03/2008,Ana Sophia,Papagaio,Pássaro,29/05/2024,Macho,"1,29",Dr. Lucas,Consulta veterinária,Débito,"116,76","Ferida cicatrizando, curativo semanal."
21/03/2025,Srta. Maria Alice Viana,510.367.982-59,(21) 97265-1645,27222-034,20/09/1996,Rhavi,Sírio,Hamster,03/10/2023,Fêmea,"0,10",Dr. Lucas,Eutanásia,Pix,"308,42","Vacinação atualizada, sem reações."
23/12/2024,Thales Martins,124.967.580-49,(21) 99826-6568,28318-273,04/06/2005,Luísa,SRD,Coelho,09/02/2020,Macho,"4,40",Dr. Lucas,Consulta veterinária,Débito,"109,60","Vacinação atualizada, sem reações."
01/10/2025,Sr. Liam Da Costa,529.678.410-30,(21) 98446-7240,28692-301,03/04/1981,Kamilly,Sírio,Hamster,31/05/2025,Fêmea,"0,04",Dr. Lucas,Ultrassonografia,Crédito,"181,87",Sinais de melhoria após tratamento.
17/06/2025,Otávio Câmara,936.871.420-78,(21) 98001-9280,24114-927,24/09/1978,Alana,Netherland Dwarf,Coelho,16/05/2021,Fêmea,"3,49",Dr. Lucas,Emergência 24h,Débito,"348,20",Realizar exames laboratoriais complementares.
30/10/2024,Esther Duarte,418.965.370-57,(21) 99506-4826,26730-044,12/11/1984,João Lucas,Papagaio,Pássaro,14/02/2015,Fêmea,"0,42",Dra. Julia,Raio-X,Pix,"284,68","Ferida cicatrizando, curativo semanal."
02/10/2025,Otávio Ferreira,740.329.158-14,(21) 99723-8368,23084-329,23/08/1984,Esther,Calopsita,Pássaro,06/12/2010,Macho,"1,30",Dra. Millena,Emergência 24h,Dinheiro,"232,81",Realizar exames laboratoriais complementares.
19/10/2025,Danilo Rezende,485.397.216-19,(21) 96679-1977,25039-609,24/03/2005,Lavínia,Canário,Pássaro,24/12/2015,Macho,"1,17",Dra. Millena,Castração,Pix,"752,57","Peso abaixo do ideal, sugerir dieta."
16/04/2025,Luna Pereira,469.783.502-65,(21) 97953-7232,20096-965,07/04/1988,Maya,Netherland Dwarf,Coelho,08/06/2022,Fêmea,"4,69",Dra. Julia,Exame de fezes,Dinheiro,"67,58","Paciente estável, sem sinais vitais alterados."
02/10/2025,Gael Henrique Pereira,912.037.458-50,(21) 97440-6119,21697-591,05/12/1995,Ana Luiza,Sírio,Hamster,06/08/2025,Fêmea,"0,24",Dr. Lucas,Consulta veterinária,Crédito,"167,83","Peso abaixo do ideal, sugerir dieta."
19/05/2025,Cecilia Pires,743.821.659-46,(21) 98267-8753,28698-352,24/05/1983,Cauã,Netherland Dwarf,Coelho,14/08/2023,Fêmea,"5,56",Dr. Lucas,Vacinação,Crédito,"140,90",Sedação leve para procedimento indicado.
01/07/2025,Vinicius Marques,270.145.986-94,(21) 96282-7071,28289-663,03/03/1987,Levi,Canário,Pássaro,06/02/2023,Fêmea,"0,09",Dr. Lucas,Emergência 24h,Débito,"345,51","Paciente estável, sem sinais vitais alterados."
16/10/2025,Miguel Viana,013.459.876-84,(21) 97626-2180,20693-446,29/05/1998,Daniel,Lop,Coelho,07/01/2021,Macho,"3,39",Dr. Lucas,Limpeza dental,Dinheiro,"486,53","Vacinação atualizada, sem reações."
25/10/2025,Emanuella Aparecida,972.036.854-38,(21) 98718-7325,22492-507,27/02/1975,Clara,Anão russo,Hamster,30/12/2024,Macho,"0,06",Dr. Lucas,Consulta com especialista,Dinheiro,"183,60",Realizar exames laboratoriais complementares.
13/07/2025,João Pedro Da Conceição,865.793.024-29,(21) 96721-8135,28548-988,07/02/1981,Maria Alice,Lop,Coelho,16/10/2022,Macho,"2,35",Dra. Millena,Raio-X,Débito,"204,89","Peso abaixo do ideal, sugerir dieta."
12/10/2025,José Costa,824.169.537-37,(21) 99038-3076,26897-538,07/03/1998,Pedro,Siamês,Gato,02/07/2020,Fêmea,"7,68",Dr. Lucas,Eutanásia,Crédito,"468,71",Realizar exames laboratoriais complementares.
24/01/2025,Yasmin Alves,670.329.148-96,(21) 99225-3608,21771-391,23/07/1964,João,Anão russo,Hamster,09/01/2023,Fêmea,"0,20",Dra. Julia,Emergência 24h,Pix,"229,16",Necessário retorno para avaliação em 15 dias.
17/06/2025,Esther Da Paz,305.249.718-97,(21) 96576-2233,23696-880,27/01/1988,Melina,Shih Tzu,Cachorro,24/05/2013,Fêmea,"1,70",Dra. Julia,Vacinação,Débito,"81,33","Ferida cicatrizando, curativo semanal."
11/10/2025,Dr. João Gabriel Das Neves,957.462.381-55,(21) 96920-6085,23262-150,08/03/1993,Agatha,Anão russo,Hamster,12/06/2023,Macho,"0,12",Dra. Julia,Raio-X,Débito,"299,47",Necessário retorno para avaliação em 15 dias.
09/10/2025,Otto Freitas,180.736.294-96,(21) 96423-8381,25626-731,13/08/1980,Isaac,Ragdoll,Gato,05/11/2021,Fêmea,"3,51",Dr. Lucas,Emergência 24h,Débito,"264,87","Vacinação atualizada, sem reações."
16/10/2025,Henrique Montenegro,096.157.823-86,(21) 96334-7326,26142-229,08/12/1996,Nicole,Maine Coon,Gato,15/02/2022,Fêmea,"4,27",Dra. Julia,Consulta veterinária,Crédito,"176,83",Encaminhado para especialista.
23/10/2025,Dra. Letícia Melo,592.347.861-73,(21) 99306-4705,27030-865,30/12/1980,Leonardo,SRD,Gato,12/08/2019,Macho,"5,38",Dra. Millena,Emergência 24h,Pix,"242,48",Sedação leve para procedimento indicado.
01/10/2025,Melina Teixeira,876.014.235-90,(21) 99080-5558,26906-258,26/10/2002,Ágatha,Labrador,Cachorro,30/12/2019,Macho,"22,56",Dra. Julia,Exame de fezes,Crédito,"117,51",Recomendada medicação antibiótica por 7 dias.
11/07/2025,Henrique Montenegro,096.157.823-86,(21) 96334-7326,26142-229,08/12/1996,Rafael,Lop,Coelho,31/05/2023,Macho,"1,94",Dra. Millena,Exame de fezes,Dinheiro,"98,07",Recomendada medicação antibiótica por 7 dias.
01/10/2025,Isabelly Rodrigues,960.354.281-42,(21) 98917-9032,27267-075,05/01/1969,Allana,Maine Coon,Gato,16/03/2022,Macho,"3,46",Dra. Millena,Microchipagem,Pix,"98,72","Paciente estável, sem sinais vitais alterados."
23/08/2025,Dra. Anna Liz Montenegro,236.549.870-10,(21) 99577-7397,27702-044,01/07/1989,Pietro,SRD,Gato,29/01/2013,Macho,"3,31",Dr. Lucas,Emergência 24h,Crédito,"387,77",Encaminhado para especialista.
14/10/2025,Raul Pinto,462.587.310-07,(21) 96877-8953,28834-135,03/07/2002,Vitória,Papagaio,Pássaro,02/11/2016,Macho,"1,40",Dr. Lucas,Microchipagem,Crédito,"118,95","Peso abaixo do ideal, sugerir dieta."
16/10/2025,Ravi Porto,216.458.390-60,(21) 99485-9098,25325-186,28/06/1989,Francisco,Sírio,Hamster,23/07/2023,Fêmea,"0,11",Dr. Lucas,Consulta veterinária,Débito,"127,91","Ferida cicatrizando, curativo semanal."
22/09/2025,Laís Souza,623.148.509-98,(21) 99894-9779,23033-196,20/06/1985,Ana Laura,Papagaio,Pássaro,27/04/2015,Macho,"0,31",Dra. Millena,Limpeza dental,Dinheiro,"272,75","Paciente estável, sem sinais vitais alterados."
27/10/2025,Isabella Da Cruz,738.642.509-00,(21) 96903-1744,26475-613,05/06/1994,Erick,Anão russo,Hamster,03/07/2025,Macho,"0,19",Dr. Lucas,Exame de fezes,Dinheiro,"115,81","Vacinação atualizada, sem reações."
11/10/2025,Thales Peixoto,687.194.203-31,(21) 99905-7132,22500-703,25/09/1977,Stephany,Anão russo,Hamster,31/01/2023,Fêmea,"0,08",Dra. Millena,Banho e tosa,Crédito,"104,12",Sedação leve para procedimento indicado.
24/10/2025,Emilly Cavalcante,045.231.867-07,(21) 99073-4995,27613-583,19/05/1988,Ana Julia,SRD,Coelho,03/02/2024,Macho,"5,34",Dr. Lucas,Ultrassonografia,Débito,"182,17",Necessário retorno para avaliação em 15 dias.
14/08/2025,Giovanna Vargas,950.678.421-30,(21) 98635-8504,20510-062,09/04/1967,Isabella,Persa,Gato,20/09/2020,Macho,"4,68",Dra. Julia,Exame de fezes,Débito,"91,58",Sinais de melhoria após tratamento.
07/11/2024,Manuella Santos,217.853.096-68,(21) 98714-2501,23475-657,10/10/2000,Maria Julia,Netherland Dwarf,Coelho,12/07/2023,Macho,"5,87",Dra. Millena,Emergência 24h,Pix,"356,43",Sedação leve para procedimento indicado.
24/07/2025,Anthony Gabriel Santos,748.012.536-44,(21) 98687-3417,20090-914,30/03/2008,Mariah,Anão russo,Hamster,28/03/2023,Fêmea,"0,08",Dr. Lucas,Raio-X,Crédito,"151,48","Paciente estável, sem sinais vitais alterados."
08/10/2025,Henrique Teixeira,374.601.982-69,(21) 98932-4257,28928-429,20/06/1982,Lucas Gabriel,Poodle,Cachorro,23/09/2021,Macho,"17,44",Dr. Lucas,Eutanásia,Crédito,"389,20","Ferida cicatrizando, curativo semanal."
16/04/2025,Henrique Montenegro,096.157.823-86,(21) 96334-7326,26142-229,08/12/1996,Nicole,Maine Coon,Gato,27/05/2023,Fêmea,"7,33",Dra. Julia,Castração,Pix,"398,78",Recomendada medicação antibiótica por 7 dias.
27/10/2025,Lucas Gabriel Da Cruz,643.079.128-96,(21) 97558-9561,27381-930,04/04/1982,João,Sírio,Hamster,26/10/2024,Macho,"0,22",Dr. Lucas,Limpeza dental,Dinheiro,"252,93",Sinais de melhoria após tratamento.
05/08/2025,Daniel Correia,930.481.572-04,(21) 96743-1100,22347-579,25/08/1998,Heloísa,Periquito,Pássaro,24/01/2022,Macho,"0,83",Dra. Julia,Consulta veterinária,Crédito,"115,56",Necessário retorno para avaliação em 15 dias.
25/10/2025,Jade Silva,729.810.645-76,(21) 99407-8538,25928-090,04/07/1997,Luiz Fernando,Ragdoll,Gato,01/05/2020,Macho,"3,46",Dr. Lucas,Consulta com especialista,Pix,"340,52",Recomendada medicação antibiótica por 7 dias.
15/10/2025,Bruna Azevedo,047.362.195-99,(21) 99282-3184,27612-683,09/01/1983,André,Papagaio,Pássaro,01/12/2017,Macho,"1,60",Dra. Millena,Eutanásia,Crédito,"290,55","Peso abaixo do ideal, sugerir dieta."
30/03/2025,Renan Machado,957.486.321-28,(21) 98297-8007,20158-114,31/01/1996,Ana,Pinscher,Cachorro,02/01/2015,Fêmea,"21,72",Dra. Julia,Emergência 24h,Dinheiro,"315,59",Necessário retorno para avaliação em 15 dias.
29/09/2025,Igor Melo,481.325.697-09,(21) 96518-9751,24494-046,18/06/1962,Fernando,Anão russo,Hamster,04/04/2024,Fêmea,"0,18",Dra. Millena,Consulta veterinária,Dinheiro,"139,84","Paciente estável, sem sinais vitais alterados."
17/02/2025,Levi Oliveira,835.096.741-20,(21) 98256-6091,20224-565,09/09/1993,Lucas,SRD,Coelho,19/04/2021,Macho,"5,10",Dr. Lucas,Eutanásia,Débito,"260,57","Paciente estável, sem sinais vitais alterados."
06/03/2025,Raul Nascimento,518.302.467-71,(21) 98859-3615,26924-348,18/05/1994,João Lucas,Sírio,Hamster,02/08/2023,Macho,"0,29",Dr. Lucas,Microchipagem,Dinheiro,"126,99",Necessário retorno para avaliação em 15 dias.
24/02/2025,Srta. Maria Alice Viana,510.367.982-59,(21) 97265-1645,27222-034,20/09/1996,Rhavi,Sírio,Hamster,07/04/2024,Fêmea,"0,17",Dr. Lucas,Exame de fezes,Dinheiro,"103,96",Realizar exames laboratoriais complementares.
13/10/2025,Mirella Freitas,208.937.456-00,(21) 99954-4020,20841-258,16/09/1964,Alexandre,Maine Coon,Gato,12/11/2016,Fêmea,"2,41",Dra. Millena,Banho e tosa,Débito,"93,89",Encaminhado para especialista.
24/10/2025,Allana Camargo,832.714.065-53,(21) 97482-7543,23593-141,12/10/1998,Kamilly,Persa,Gato,22/07/2009,Fêmea,"3,35",Dra. Julia,Limpeza dental,Crédito,"359,72","Paciente estável, sem sinais vitais alterados."
16/10/2025,Daniel Araújo,839.540.721-14,(21) 97920-2118,27245-646,09/01/1992,Pietra,Canário,Pássaro,08/01/2017,Fêmea,"1,04",Dra. Millena,Consulta veterinária,Débito,"118,99","Peso abaixo do ideal, sugerir dieta."
14/11/2024,Sra. Beatriz Rodrigues,083.519.462-06,(21) 99130-3248,24186-296,24/02/2000,Luara,Siamês,Gato,21/01/2010,Macho,"7,73",Dra. Julia,Eutanásia,Crédito,"269,57","Ferida cicatrizando, curativo semanal."
23/05/2025,Sr. Liam Da Costa,529.678.410-30,(21) 98446-7240,28692-301,03/04/1981,Lavínia,Netherland Dwarf,Coelho,19/03/2023,Macho,"4,67",Dra. Julia,Castração,Pix,"359,22",Sedação leve para procedimento indicado.
18/05/2025,Maria Clara Aparecida,740.693.182-40,(21) 97768-2527,21582-762,23/01/2007,Agatha,Canário,Pássaro,30/09/2013,Macho,"1,38",Dra. Millena,Internação diária,Débito,"204,68","Paciente estável, sem sinais vitais alterados."
21/10/2025,Vitória Castro,980.527.461-67,(21) 97794-7118,28479-462,05/10/1993,Henry Gabriel,Sírio,Hamster,02/10/2023,Fêmea,"0,18",Dr. Lucas,Raio-X,Dinheiro,"248,00","Ferida cicatrizando, curativo semanal."
11/10/2025,João Miguel Rocha,678.321.045-62,(21) 97892-9889,26770-055,24/12/1988,João Pedro,Calopsita,Pássaro,25/07/2025,Fêmea,"1,24",Dra. Julia,Ultrassonografia,Pix,"257,86",Realizar exames laboratoriais complementares.
30/12/2024,Rodrigo Câmara,604.725.893-00,(21) 98360-5415,20659-781,12/02/2002,Gustavo,Golden Retriever,Cachorro,04/04/2018,Macho,"7,42",Dra. Julia,Limpeza dental,Dinheiro,"344,49","Peso abaixo do ideal, sugerir dieta."
07/04/2025,Vitor Vargas,543.018.679-10,(21) 98570-3504,22621-811,08/10/1981,Lucas Gabriel,Calopsita,Pássaro,09/03/2013,Macho,"0,06",Dr. Lucas,Ultrassonografia,Débito,"239,22","Paciente estável, sem sinais vitais alterados."
22/10/2025,Agatha Ribeiro,807.925.461-30,(21) 97065-1823,26211-335,19/05/1990,Bárbara,Bulldog,Cachorro,09/05/2014,Macho,"32,95",Dra. Millena,Eutanásia,Crédito,"216,38",Necessário retorno para avaliação em 15 dias.
26/10/2025,Melina Teixeira,876.014.235-90,(21) 99080-5558,26906-258,26/10/2002,Ágatha,Labrador,Cachorro,20/01/2021,Macho,"39,88",Dra. Millena,Vacinação,Débito,"175,80",Recomendada medicação antibiótica por 7 dias.
16/08/2025,Esther Duarte,418.965.370-57,(21) 99506-4826,26730-044,12/11/1984,Josué,Labrador,Cachorro,30/04/2021,Macho,"20,02",Dra. Julia,Exame de sangue,Crédito,"222,10",Sinais de melhoria após tratamento.
24/10/2025,Srta. Ana Clara Ribeiro,169.428.530-89,(21) 97556-2519,21584-367,12/10/2005,Ana Vitória,SRD,Cachorro,14/11/2014,Macho,"30,54",Dr. Lucas,Exame de sangue,Pix,"116,17","Ferida cicatrizando, curativo semanal."
09/05/2025,Mathias Jesus,378.465.192-55,(21) 99580-2644,27213-102,01/11/1986,Liz,Lop,Coelho,20/03/2023,Macho,"4,50",Dra. Millena,Raio-X,Crédito,"268,32","Ferida cicatrizando, curativo semanal."
25/09/2025,Mariane Das Neves,863.947.512-19,(21) 97843-8777,24246-769,21/06/1980,Elisa,SRD,Cachorro,17/05/2019,Fêmea,"7,95",Dra. Millena,Vacinação,Débito,"92,67",Realizar exames laboratoriais complementares.
26/12/2024,Renan Machado,957.486.321-28,(21) 98297-8007,20158-114,31/01/1996,Amanda,Canário,Pássaro,14/02/2010,Fêmea,"0,90",Dr. Lucas,Ultrassonografia,Dinheiro,"352,16","Ferida cicatrizando, curativo semanal."
12/10/2025,Sarah Moura,347.612.958-64,(21) 96717-3785,21293-624,01/12/1959,Alice,Ragdoll,Gato,12/12/2010,Fêmea,"7,79",Dra. Millena,Microchipagem,Crédito,"114,07","Peso abaixo do ideal, sugerir dieta."
14/10/2025,Alícia Borges,258.163.479-00,(21) 97633-8430,26815-747,01/06/1987,Stella,Labrador,Cachorro,20/02/2015,Fêmea,"29,74",Dra. Julia,Microchipagem,Pix,"109,57","Vacinação atualizada, sem reações."
05/02/2025,Renan Machado,957.486.321-28,(21) 98297-8007,20158-114,31/01/1996,Vitor,SRD,Cachorro,15/06/2015,Fêmea,"38,85",Dra. Millena,Raio-X,Dinheiro,"217,38",Necessário retorno para avaliação em 15 dias.
17/10/2025,Vitor Vargas,543.018.679-10,(21) 98570-3504,22621-811,08/10/1981,Enzo,Periquito,Pássaro,08/03/2017,Macho,"0,83",Dra. Julia,Microchipagem,Dinheiro,"124,33",Necessário retorno para avaliação em 15 dias.
14/07/2025,Ísis Moura,724.068.519-58,(21) 98906-7626,26843-296,22/05/2000,Ana Luiza,Calopsita,Pássaro,03/03/2015,Fêmea,"0,68",Dr. Lucas,Emergência 24h,Dinheiro,"293,74",Recomendada medicação antibiótica por 7 dias.
24/10/2025,Maria Clara Aparecida,740.693.182-40,(21) 97768-2527,21582-762,23/01/2007,Agatha,Canário,Pássaro,21/05/2012,Macho,"1,60",Dr. Lucas,Vacinação,Débito,"160,45",Realizar exames laboratoriais complementares.
26/10/2025,Cauê Brito,860.742.591-94,(21) 97837-8685,20086-927,19/07/1992,Samuel,Sírio,Hamster,21/06/2023,Fêmea,"0,14",Dr. Lucas,Exame de sangue,Crédito,"210,09","Ferida cicatrizando, curativo semanal."
13/08/2025,Thales Martins,124.967.580-49,(21) 99826-6568,28318-273,04/06/2005,Pedro Henrique,Poodle,Cachorro,08/09/2020,Macho,"14,58",Dr. Lucas,Exame de fezes,Pix,"94,61",Realizar exames laboratoriais complementares.
02/06/2025,Sra. Maria Isis Ribeiro,369.870.251-77,(21) 99482-5941,21983-815,17/05/1978,Arthur Gabriel,Poodle,Cachorro,27/12/2012,Fêmea,"4,31",Dr. Lucas,Ultrassonografia,Crédito,"277,79",Necessário retorno para avaliação em 15 dias.
03/06/2025,Benjamin Barbosa,627.830.951-30,(21) 98659-5951,26689-119,03/06/1999,Anna Liz,Netherland Dwarf,Coelho,01/09/2019,Macho,"1,12",Dra. Julia,Internação diária,Crédito,"123,11","Ferida cicatrizando, curativo semanal."
06/10/2025,Mateus Duarte,601.537.982-03,(21) 97432-8541,25000-840,12/07/2006,Theo,Shih Tzu,Cachorro,19/09/2012,Macho,"38,84",Dr. Lucas,Vacinação,Débito,"121,17",Necessário retorno para avaliação em 15 dias.
04/10/2025,Julia Viana,678.130.954-48,(21) 98702-3103,27787-969,10/02/1992,Maria Cecília,Lop,Coelho,10/09/2022,Fêmea,"4,88",Dra. Julia,Exame de fezes,Pix,"115,45",Recomendada medicação antibiótica por 7 dias.
12/06/2025,Sra. Beatriz Rodrigues,083.519.462-06,(21) 99130-3248,24186-296,24/02/2000,Igor,Anão russo,Hamster,26/01/2025,Fêmea,"0,21",Dr. Lucas,Internação diária,Pix,"214,45",Encaminhado para especialista.
23/04/2025,João Miguel Rocha,678.321.045-62,(21) 97892-9889,26770-055,24/12/1988,João Pedro,Calopsita,Pássaro,24/09/2021,Fêmea,"1,56",Dr. Lucas,Vacinação,Débito,"147,58",Encaminhado para especialista.
14/10/2025,Gael Henrique Pereira,912.037.458-50,(21) 97440-6119,21697-591,05/12/1995,Emanuel,Shih Tzu,Cachorro,14/12/2021,Macho,"30,44",Dr. Lucas,Vacinação,Crédito,"110,46","Ferida cicatrizando, curativo semanal."
20/04/2025,Dr. Bruno Farias,026.751.948-67,(21) 99935-8102,25934-650,16/11/1964,Lunna,Anão russo,Hamster,20/05/2022,Macho,"0,05",Dra. Julia,Emergência 24h,Crédito,"345,85","Ferida cicatrizando, curativo semanal."
28/10/2025,Renan Machado,957.486.321-28,(21) 98297-8007,20158-114,31/01/1996,Ana,Pinscher,Cachorro,08/07/2024,Fêmea,"9,96",Dr. Lucas,Banho e tosa,Débito,"83,42","Peso abaixo do ideal, sugerir dieta."
26/10/2025,Thales Peixoto,687.194.203-31,(21) 99905-7132,22500-703,25/09/1977,Leandro,Sírio,Hamster,09/01/2025,Fêmea,"0,09",Dr. Lucas,Castração,Pix,"729,18",Necessário retorno para avaliação em 15 dias.
17/11/2024,Bárbara Nunes,081.679.423-50,(21) 98409-1344,23770-602,08/11/1997,Vitor Gabriel,Anão russo,Hamster,23/09/2024,Fêmea,"0,22",Dra. Julia,Exame de sangue,Crédito,"119,91",Necessário retorno para avaliação em 15 dias.
03/05/2025,Sr. Théo Da Costa,301.568.742-53,(21) 97858-3591,20053-976,20/02/2005,Ana,Shih Tzu,Cachorro,04/01/2013,Macho,"28,20",Dr. Lucas,Emergência 24h,Crédito,"294,20","Paciente estável, sem sinais vitais alterados."
17/01/2025,Esther Da Paz,305.249.718-97,(21) 96576-2233,23696-880,27/01/1988,Melina,Shih Tzu,Cachorro,30/04/2019,Fêmea,"14,04",Dra. Julia,Consulta veterinária,Pix,"110,44",Sedação leve para procedimento indicado.
30/09/2025,Esther Da Paz,305.249.718-97,(21) 96576-2233,23696-880,27/01/1988,Melina,Shih Tzu,Cachorro,04/12/2013,Fêmea,"25,95",Dra. Millena,Ultrassonografia,Débito,"379,96",Sedação leve para procedimento indicado.
06/10/2025,Olivia Sá,938.176.524-37,(21) 98789-8354,25295-884,27/08/1969,Cecilia,Golden Retriever,Cachorro,02/03/2020,Fêmea,"7,96",Dr. Lucas,Castração,Pix,"713,58","Paciente estável, sem sinais vitais alterados."
18/09/2025,Yasmin Fernandes,283.497.610-40,(21) 97276-7062,25314-795,02/10/1960,Ana Luiza,Pinscher,Cachorro,24/05/2019,Fêmea,"23,43",Dra. Millena,Raio-X,Crédito,"164,92","Vacinação atualizada, sem reações."
03/12/2024,Diego Sousa,248.960.173-31,(21) 97365-7690,25260-686,22/05/1995,Ana Clara,Anão russo,Hamster,29/05/2022,Fêmea,"0,14",Dr. Lucas,Eutanásia,Pix,"431,12","Peso abaixo do ideal, sugerir dieta."
15/10/2025,Allana Camargo,832.714.065-53,(21) 97482-7543,23593-141,12/10/1998,Mariana,Anão russo,Hamster,17/02/2025,Fêmea,"0,14",Dra. Julia,Banho e tosa,Pix,"64,72","Paciente estável, sem sinais vitais alterados."
29/09/2025,Marcos Vinicius Ramos,125.873.960-77,(21) 99488-2315,25383-872,29/04/1983,João Lucas,Calopsita,Pássaro,16/06/2025,Macho,"1,09",Dra. Julia,Raio-X,Crédito,"171,71",Necessário retorno para avaliação em 15 dias.
17/11/2024,Julia Viana,678.130.954-48,(21) 98702-3103,27787-969,10/02/1992,Maya,Siamês,Gato,25/03/2008,Fêmea,"7,52",Dra. Julia,Limpeza dental,Débito,"389,25",Sinais de melhoria após tratamento.
23/10/2025,Mirella Freitas,208.937.456-00,(21) 99954-4020,20841-258,16/09/1964,Alexandre,Maine Coon,Gato,31/01/2025,Fêmea,"6,47",Dr. Lucas,Exame de sangue,Dinheiro,"119,31",Necessário retorno para avaliação em 15 dias.
16/06/2025,Luan Vasconcelos,013.765.298-40,(21) 97180-9117,26561-833,15/03/2009,João Guilherme,Golden Retriever,Cachorro,08/02/2011,Fêmea,"22,81",Dr. Lucas,Raio-X,Dinheiro,"244,32",Sinais de melhoria após tratamento.
10/11/2024,Ana Laura Novais,971.430.568-39,(21) 96314-5703,21479-629,16/03/1988,Lucas Gabriel,Papagaio,Pássaro,03/10/2019,Macho,"0,98",Dra. Julia,Consulta com especialista,Pix,"240,39",Sedação leve para procedimento indicado.
01/10/2025,Miguel Viana,013.459.876-84,(21) 97626-2180,20693-446,29/05/1998,Daniel,Lop,Coelho,17/06/2025,Macho,"2,04",Dra. Millena,Raio-X,Crédito,"269,93",Recomendada medicação antibiótica por 7 dias.
02/10/2025,Julia Viana,678.130.954-48,(21) 98702-3103,27787-969,10/02/1992,Maya,Siamês,Gato,05/11/2020,Fêmea,"5,94",Dra. Julia,Castração,Pix,"678,73","Paciente estável, sem sinais vitais alterados."
26/10/2025,Dra. Anna Liz Montenegro,236.549.870-10,(21) 99577-7397,27702-044,01/07/1989,Aurora,Shih Tzu,Cachorro,23/03/2021,Macho,"27,91",Dra. Julia,Consulta com especialista,Crédito,"191,53",Sedação leve para procedimento indicado.
07/06/2025,Maria Luísa Camargo,085.419.327-88,(21) 96420-9042,20200-587,28/03/1985,Gabriel,SRD,Coelho,26/02/2020,Fêmea,"1,74",Dra. Julia,Consulta veterinária,Dinheiro,"111,65","Ferida cicatrizando, curativo semanal."
05/04/2025,Alexandre Da Mota,231.647.508-62,(21) 98497-1986,21625-970,21/06/2006,Lívia,Golden Retriever,Cachorro,30/11/2021,Macho,"29,36",Dra. Julia,Limpeza dental,Crédito,"488,36","Ferida cicatrizando, curativo semanal."
07/10/2025,Bruna Azevedo,047.362.195-99,(21) 99282-3184,27612-683,09/01/1983,André,Papagaio,Pássaro,17/10/2008,Macho,"1,50",Dr. Lucas,Raio-X,Crédito,"202,91",Sedação leve para procedimento indicado.
09/03/2025,José Costa,824.169.537-37,(21) 99038-3076,26897-538,07/03/1998,Pedro,Siamês,Gato,21/12/2022,Fêmea,"6,98",Dra. Julia,Microchipagem,Crédito,"101,07",Realizar exames laboratoriais complementares.
08/10/2025,Thales Peixoto,687.194.203-31,(21) 99905-7132,22500-703,25/09/1977,Leandro,Sírio,Hamster,21/03/2025,Fêmea,"0,11",Dra. Julia,Vacinação,Débito,"170,72",Sinais de melhoria após tratamento.
05/06/2025,Ana Julia Pereira,654.820.317-80,(21) 97205-2524,23630-414,03/12/1990,Enzo,Canário,Pássaro,09/12/2006,Macho,"1,82",Dra. Julia,Emergência 24h,Crédito,"345,86",Encaminhado para especialista.
05/05/2025,Enzo Silveira,805.641.392-89,(21) 96681-8269,24906-925,10/10/1990,Enzo Gabriel,Labrador,Cachorro,27/12/2017,Fêmea,"5,71",Dra. Millena,Emergência 24h,Crédito,"309,18",Necessário retorno para avaliação em 15 dias.
22/08/2025,Maria Rios,520.469.837-00,(21) 96374-1423,23750-984,13/01/1982,Felipe,SRD,Cachorro,21/01/2012,Fêmea,"34,28",Dra. Millena,Exame de fezes,Crédito,"88,11","Peso abaixo do ideal, sugerir dieta."
04/03/2025,Alícia Borges,258.163.479-00,(21) 97633-8430,26815-747,01/06/1987,Stella,Labrador,Cachorro,10/07/2023,Fêmea,"38,19",Dr. Lucas,Exame de fezes,Dinheiro,"119,52","Vacinação atualizada, sem reações."
04/10/2025,Laís Freitas,174.938.250-41,(21) 99113-3504,21234-181,08/03/1959,Maysa,Papagaio,Pássaro,12/11/2014,Macho,"0,12",Dra. Julia,Microchipagem,Débito,"88,77",Sedação leve para procedimento indicado.
14/11/2024,Anthony Gabriel Santos,748.012.536-44,(21) 98687-3417,20090-914,30/03/2008,Mariah,Anão russo,Hamster,16/04/2024,Fêmea,"0,08",Dra. Julia,Exame de fezes,Crédito,"66,48",Sedação leve para procedimento indicado.
31/01/2025,Giovanna Vargas,950.678.421-30,(21) 98635-8504,20510-062,09/04/1967,Natália,Sírio,Hamster,03/04/2024,Macho,"0,10",Dra. Millena,Emergência 24h,Crédito,"365,35",Necessário retorno para avaliação em 15 dias.
25/10/2025,Isaque Cavalcanti,901.675.238-21,(21) 97124-4919,27206-079,17/06/2006,Davi Lucas,Canário,Pássaro,30/05/2007,Macho,"0,30",Dra. Millena,Consulta com especialista,Pix,"288,14","Vacinação atualizada, sem reações."
10/10/2025,Zoe Farias,036.279.518-59,(21) 96328-9320,23044-070,14/04/1993,Liz,Lop,Coelho,19/07/2018,Macho,"3,54",Dra. Julia,Limpeza dental,Débito,"344,42","Vacinação atualizada, sem reações."
18/10/2025,Luísa Nunes,687.059.143-10,(21) 99427-2816,28189-611,20/02/1980,Kaique,Golden Retriever,Cachorro,19/03/2014,Macho,"27,21",Dr. Lucas,Microchipagem,Pix,"128,16","Peso abaixo do ideal, sugerir dieta."
28/10/2025,Augusto Vieira,792.610.345-43,(21) 97052-3695,27894-990,06/09/2004,Rodrigo,Ragdoll,Gato,27/09/2015,Fêmea,"4,54",Dra. Millena,Ultrassonografia,Pix,"359,50",Encaminhado para especialista.
13/10/2025,Nicole Costela,647.059.132-99,(21) 96516-2076,24505-639,10/11/1982,Melissa,Papagaio,Pássaro,04/04/2025,Fêmea,"1,53",Dra. Julia,Eutanásia,Crédito,"224,97",Encaminhado para especialista.
09/10/2025,Olivia Sá,938.176.524-37,(21) 98789-8354,25295-884,27/08/1969,Rebeca,SRD,Coelho,29/05/2018,Fêmea,"1,35",Dra. Julia,Internação diária,Débito,"169,15",Necessário retorno para avaliação em 15 dias.
16/09/2025,Sra. Beatriz Rodrigues,083.519.462-06,(21) 99130-3248,24186-296,24/02/2000,Igor,Anão russo,Hamster,28/12/2023,Fêmea,"0,15",Dra. Julia,Consulta com especialista,Pix,"294,46",Necessário retorno para avaliação em 15 dias.
05/10/2025,Leandro Fonseca,280.694.137-78,(21) 96681-4872,26658-497,08/10/1988,Vinicius,Papagaio,Pássaro,04/05/2010,Fêmea,"1,11",Dr. Lucas,Raio-X,Crédito,"246,03",Realizar exames laboratoriais complementares.
24/06/2025,Sr. Liam Da Costa,529.678.410-30,(21) 98446-7240,28692-301,03/04/1981,Kamilly,Sírio,Hamster,28/08/2022,Fêmea,"0,19",Dra. Millena,Exame de sangue,Crédito,"104,34",Sedação leve para procedimento indicado.
15/10/2025,Olivia Sá,938.176.524-37,(21) 98789-8354,25295-884,27/08/1969,Cecilia,Golden Retriever,Cachorro,28/10/2024,Fêmea,"38,73",Dra. Millena,Exame de sangue,Débito,"144,83",Recomendada medicação antibiótica por 7 dias.
07/11/2024,Raul Pinto,462.587.310-07,(21) 96877-8953,28834-135,03/07/2002,Bryan,Anão russo,Hamster,06/09/2024,Fêmea,"0,16",Dra. Julia,Castração,Pix,"636,82","Ferida cicatrizando, curativo semanal."
24/10/2025,João Pedro Da Conceição,865.793.024-29,(21) 96721-8135,28548-988,07/02/1981,Maria Alice,Lop,Coelho,08/02/2024,Macho,"3,65",Dra. Julia,Consulta veterinária,Débito,"128,88","Peso abaixo do ideal, sugerir dieta."
30/09/2025,Dr. João Gabriel Das Neves,957.462.381-55,(21) 96920-6085,23262-150,08/03/1993,Agatha,Anão russo,Hamster,28/07/2023,Macho,"0,07",Dra. Millena,Eutanásia,Pix,"225,74",Necessário retorno para avaliação em 15 dias.
26/08/2025,Leandro Fonseca,280.694.137-78,(21) 96681-4872,26658-497,08/10/1988,Vinicius,Papagaio,Pássaro,23/10/2012,Fêmea,"1,36",Dra. Millena,Internação diária,Débito,"202,81","Ferida cicatrizando, curativo semanal."
10/10/2025,Bella Carvalho,427.698.051-85,(21) 99538-8651,20887-689,20/09/1980,Laís,SRD,Gato,22/02/2009,Macho,"2,32",Dr. Lucas,Banho e tosa,Dinheiro,"121,03","Peso abaixo do ideal, sugerir dieta."
13/10/2025,Maitê Cirino,509.286.314-51,(21) 99238-2479,26464-014,18/03/1997,Sarah,Lop,Coelho,27/11/2020,Macho,"4,13",Dr. Lucas,Emergência 24h,Crédito,"215,63",Recomendada medicação antibiótica por 7 dias.
24/07/2025,Esther Da Paz,305.249.718-97,(21) 96576-2233,23696-880,27/01/1988,Diego,Anão russo,Hamster,20/03/2023,Fêmea,"0,26",Dr. Lucas,Internação diária,Débito,"133,88","Ferida cicatrizando, curativo semanal."
04/04/2025,Leandro Fonseca,280.694.137-78,(21) 96681-4872,26658-497,08/10/1988,Vinicius,Papagaio,Pássaro,29/02/2024,Fêmea,"1,64",Dra. Millena,Exame de fezes,Dinheiro,"119,42",Sedação leve para procedimento indicado.
12/02/2025,Murilo Teixeira,658.701.243-44,(21) 98424-7455,20444-085,14/03/1996,Alice,Calopsita,Pássaro,17/07/2008,Macho,"0,50",Dra. Julia,Exame de sangue,Dinheiro,"134,38",Encaminhado para especialista.
22/08/2025,Dr. Augusto Nunes,879.053.261-95,(21) 99281-4271,22267-893,08/03/1980,Emilly,Bulldog,Cachorro,21/04/2013,Fêmea,"1,20",Dra. Millena,Microchipagem,Pix,"97,82",Necessário retorno para avaliação em 15 dias.
19/11/2024,Sarah Moura,347.612.958-64,(21) 96717-3785,21293-624,01/12/1959,Alice,Ragdoll,Gato,31/03/2016,Fêmea,"4,61",Dr. Lucas,Exame de fezes,Dinheiro,"70,40",Necessário retorno para avaliação em 15 dias.
03/08/2025,Anna Liz Freitas,823.145.967-73,(21) 99851-9991,28647-433,09/07/1991,Caleb,SRD,Cachorro,10/11/2020,Macho,"12,02",Dra. Millena,Vacinação,Dinheiro,"146,71","Vacinação atualizada, sem reações."
06/10/2025,Raul Pinto,462.587.310-07,(21) 96877-8953,28834-135,03/07/2002,Bryan,Anão russo,Hamster,26/12/2023,Fêmea,"0,25",Dr. Lucas,Exame de sangue,Crédito,"247,02","Paciente estável, sem sinais vitais alterados."
14/10/2025,Henrique Teixeira,374.601.982-69,(21) 98932-4257,28928-429,20/06/1982,Luiz Felipe,Persa,Gato,23/05/2012,Fêmea,"5,56",Dra. Millena,Exame de fezes,Crédito,"87,21","Ferida cicatrizando, curativo semanal."
11/10/2025,Luara Da Costa,301.954.278-23,(21) 96276-4750,20514-880,10/07/1984,Emanuelly,Poodle,Cachorro,22/03/2018,Fêmea,"19,21",Dr. Lucas,Vacinação,Crédito,"132,06","Paciente estável, sem sinais vitais alterados."
15/02/2025,Pedro Miguel Ribeiro,910.864.723-22,(21) 97033-6153,25296-118,23/02/1967,Giovanna,Sírio,Hamster,14/06/2023,Macho,"0,12",Dr. Lucas,Emergência 24h,Crédito,"209,02",Realizar exames laboratoriais complementares.
28/02/2025,Vitória Novais,287.041.653-90,(21) 96180-5533,20058-341,13/08/2005,Ayla,Maine Coon,Gato,20/11/2016,Macho,"2,85",Dr. Lucas,Vacinação,Débito,"81,25","Vacinação atualizada, sem reações."
11/10/2025,Isaac Cavalcante,317.640.529-43,(21) 99596-4946,21290-087,04/02/2008,Alícia,Sírio,Hamster,14/06/2025,Macho,"0,26",Dr. Lucas,Castração,Dinheiro,"730,42",Recomendada medicação antibiótica por 7 dias.
23/09/2025,Sophie Duarte,205.694.183-05,(21) 98146-7560,21288-405,26/05/1956,João Guilherme,Anão russo,Hamster,10/04/2023,Fêmea,"0,16",Dr. Lucas,Ultrassonografia,Dinheiro,"373,48",Realizar exames laboratoriais complementares.
17/10/2025,Cauê Brito,860.742.591-94,(21) 97837-8685,20086-927,19/07/1992,Caio,SRD,Coelho,21/05/2025,Fêmea,"5,16",Dr. Lucas,Raio-X,Débito,"275,07","Ferida cicatrizando, curativo semanal."
29/08/2025,Jade Souza,652.709.814-67,(21) 96454-8043,24640-694,12/02/1985,Danilo,Shih Tzu,Cachorro,14/08/2018,Macho,"31,25",Dr. Lucas,Consulta com especialista,Dinheiro,"328,21",Necessário retorno para avaliação em 15 dias.
14/07/2025,Mateus Duarte,601.537.982-03,(21) 97432-8541,25000-840,12/07/2006,Theo,Shih Tzu,Cachorro,24/06/2023,Macho,"8,46",Dra. Julia,Eutanásia,Pix,"470,86","Paciente estável, sem sinais vitais alterados."
28/10/2025,Laís Souza,623.148.509-98,(21) 99894-9779,23033-196,20/06/1985,Ana Laura,Papagaio,Pássaro,30/06/2021,Macho,"0,82",Dra. Millena,Ultrassonografia,Débito,"296,50",Sedação leve para procedimento indicado.
27/10/2025,Esther Duarte,418.965.370-57,(21) 99506-4826,26730-044,12/11/1984,João Lucas,Papagaio,Pássaro,16/12/2010,Fêmea,"0,38",Dra. Millena,Vacinação,Pix,"119,36",Necessário retorno para avaliação em 15 dias.
21/06/2025,Mathias Jesus,378.465.192-55,(21) 99580-2644,27213-102,01/11/1986,Liz,Lop,Coelho,13/01/2022,Macho,"5,92",Dra. Millena,Eutanásia,Pix,"247,76",Sedação leve para procedimento indicado.
02/10/2025,Melina Teixeira,876.014.235-90,(21) 99080-5558,26906-258,26/10/2002,Ágatha,Labrador,Cachorro,06/05/2019,Macho,"7,35",Dr. Lucas,Vacinação,Pix,"101,19",Sinais de melhoria após tratamento.
19/10/2025,Maria Helena Peixoto,109.756.328-68,(21) 99452-6313,20916-234,12/04/2004,Mirella,Sírio,Hamster,09/08/2025,Fêmea,"0,23",Dra. Millena,Vacinação,Débito,"130,15","Paciente estável, sem sinais vitais alterados."
19/10/2025,Aylla Dias,836.917.254-73,(21) 98820-8679,24982-716,24/02/1992,Maria Liz,Sphynx,Gato,22/12/2012,Fêmea,"5,78",Dra. Millena,Emergência 24h,Débito,"314,78","Peso abaixo do ideal, sugerir dieta."
29/04/2025,Anna Liz Gonçalves,516.708.324-90,(21) 99419-7807,27905-483,27/08/1983,Paulo,Periquito,Pássaro,07/12/2012,Macho,"1,94",Dr. Lucas,Microchipagem,Crédito,"119,20",Recomendada medicação antibiótica por 7 dias.
01/09/2025,Henrique Sousa,431.572.098-41,(21) 97697-8461,23185-735,18/04/1985,Emilly,Anão russo,Hamster,05/09/2024,Macho,"0,15",Dra. Millena,Consulta com especialista,Pix,"314,30",Encaminhado para especialista.
30/05/2025,Augusto Duarte,169.850.347-48,(21) 97784-8616,24397-330,21/06/1977,Nathan,Persa,Gato,05/03/2017,Macho,"3,68",Dra. Julia,Microchipagem,Crédito,"109,27","Paciente estável, sem sinais vitais alterados."
22/05/2025,Ísis Lima,682.510.497-76,(21) 99759-7108,24634-396,25/11/1989,Bruna,Lop,Coelho,08/12/2018,Macho,"4,85",Dra. Julia,Castração,Débito,"778,17",Necessário retorno para avaliação em 15 dias.
10/10/2025,Lucas Da Conceição,320.845.917-32,(21) 98913-2680,28452-871,15/08/1998,Levi,Papagaio,Pássaro,09/12/2022,Macho,"1,74",Dra. Julia,Microchipagem,Dinheiro,"132,60",Realizar exames laboratoriais complementares.
25/06/2025,Pedro Pereira,795.642.081-49,(21) 98394-5295,26242-842,13/09/1989,Apollo,Ragdoll,Gato,28/10/2010,Fêmea,"6,59",Dr. Lucas,Consulta veterinária,Pix,"149,89",Sinais de melhoria após tratamento.
03/08/2025,Rael Ferreira,412.739.850-79,(21) 99681-1153,27622-922,21/08/1983,Ana Julia,Shih Tzu,Cachorro,13/01/2023,Fêmea,"5,71",Dra. Millena,Ultrassonografia,Dinheiro,"188,86",Recomendada medicação antibiótica por 7 dias.
29/01/2025,Bárbara Nunes,081.679.423-50,(21) 98409-1344,23770-602,08/11/1997,Vitor Gabriel,Anão russo,Hamster,09/07/2023,Fêmea,"0,22",Dra. Julia,Emergência 24h,Pix,"258,98","Paciente estável, sem sinais vitais alterados."
11/10/2025,Otávio Câmara,936.871.420-78,(21) 98001-9280,24114-927,24/09/1978,Alana,Netherland Dwarf,Coelho,01/07/2020,Fêmea,"5,15",Dra. Julia,Vacinação,Pix,"152,26","Vacinação atualizada, sem reações."
10/08/2025,Luna Pereira,469.783.502-65,(21) 97953-7232,20096-965,07/04/1988,Otávio,SRD,Gato,09/06/2020,Macho,"6,34",Dr. Lucas,Banho e tosa,Débito,"81,04","Ferida cicatrizando, curativo semanal."
14/10/2025,Dra. Clarice Farias,509.826.317-40,(21) 99567-7717,22529-076,17/05/1992,Ana Vitória,Netherland Dwarf,Coelho,30/04/2020,Macho,"5,05",Dra. Millena,Eutanásia,Débito,"229,40",Necessário retorno para avaliação em 15 dias.
02/07/2025,Emanuella Aparecida,972.036.854-38,(21) 98718-7325,22492-507,27/02/1975,Clara,Anão russo,Hamster,02/09/2023,Macho,"0,28",Dr. Lucas,Exame de fezes,Pix,"103,69",Sinais de melhoria após tratamento.
25/10/2025,Breno Sales,249.538.670-92,(21) 99309-8260,21604-051,02/11/1983,Manuella,Periquito,Pássaro,30/12/2022,Fêmea,"0,52",Dra. Julia,Exame de sangue,Dinheiro,"194,26","Paciente estável, sem sinais vitais alterados."
23/10/2025,Augusto Duarte,169.850.347-48,(21) 97784-8616,24397-330,21/06/1977,Liz,Sírio,Hamster,18/11/2024,Fêmea,"0,26",Dra. Millena,Emergência 24h,Pix,"333,90","Ferida cicatrizando, curativo semanal."
07/10/2025,Aylla Dias,836.917.254-73,(21) 98820-8679,24982-716,24/02/1992,Maria Liz,Sphynx,Gato,17/09/2012,Fêmea,"5,40",Dra. Julia,Emergência 24h,Crédito,"259,93","Vacinação atualizada, sem reações."
03/04/2025,Maria Luísa Camargo,085.419.327-88,(21) 96420-9042,20200-587,28/03/1985,Gabriel,SRD,Coelho,29/02/2024,Fêmea,"5,68",Dr. Lucas,Ultrassonografia,Dinheiro,"226,29","Ferida cicatrizando, curativo semanal."
03/10/2025,Hellena Da Mata,967.025.318-77,(21) 99016-3938,25442-801,11/07/1958,Dante,Lop,Coelho,15/03/2019,Macho,"1,69",Dra. Millena,Banho e tosa,Dinheiro,"86,20",Necessário retorno para avaliação em 15 dias.
03/08/2025,Joaquim Freitas,918.476.205-58,(21) 96779-7669,21545-099,05/04/1989,Pedro Henrique,Anão russo,Hamster,13/06/2023,Macho,"0,17",Dra. Julia,Banho e tosa,Débito,"139,69",Sinais de melhoria após tratamento.
19/01/2025,Ana Julia Pereira,654.820.317-80,(21) 97205-2524,23630-414,03/12/1990,Enzo,Canário,Pássaro,30/09/2014,Macho,"1,91",Dra. Millena,Castração,Crédito,"641,50","Vacinação atualizada, sem reações."
21/10/2025,Bryan Moura,832.790.641-04,(21) 96897-6772,23115-635,20/12/1995,Cauê,Sírio,Hamster,03/03/2024,Macho,"0,04",Dra. Julia,Raio-X,Pix,"217,86","Ferida cicatrizando, curativo semanal."
04/10/2025,Ana Beatriz Barbosa,528.943.170-50,(21) 99811-6727,20436-424,01/05/1984,Gustavo,Pinscher,Cachorro,19/04/2023,Fêmea,"37,06",Dra. Millena,Ultrassonografia,Dinheiro,"211,02",Sedação leve para procedimento indicado.
30/03/2025,Antônio Pinto,805.179.432-04,(21) 97637-9346,28785-339,30/06/1976,Aurora,Poodle,Cachorro,14/11/2013,Fêmea,"2,25",Dr. Lucas,Raio-X,Dinheiro,"214,59",Recomendada medicação antibiótica por 7 dias.
26/08/2025,Vitória Castro,980.527.461-67,(21) 97794-7118,28479-462,05/10/1993,Henry Gabriel,Sírio,Hamster,28/04/2024,Fêmea,"0,23",Dra. Julia,Castração,Crédito,"528,88","Ferida cicatrizando, curativo semanal."
11/10/2025,Melina Teixeira,876.014.235-90,(21) 99080-5558,26906-258,26/10/2002,Ágatha,Labrador,Cachorro,05/08/2017,Macho,"26,94",Dra. Julia,Emergência 24h,Crédito,"211,45",Realizar exames laboratoriais complementares.
29/03/2025,Lara Pinto,603.249.815-89,(21) 98744-6400,22002-420,13/10/1987,Enzo,Siamês,Gato,28/11/2009,Fêmea,"4,73",Dra. Millena,Ultrassonografia,Pix,"212,09",Encaminhado para especialista.
12/06/2025,Heitor Vargas,974.013.682-69,(21) 99112-8242,20845-208,11/06/1996,Davi Miguel,Sphynx,Gato,09/09/2016,Fêmea,"3,06",Dra. Millena,Consulta veterinária,Crédito,"112,48",Necessário retorno para avaliação em 15 dias.
20/10/2025,Daniel Correia,930.481.572-04,(21) 96743-1100,22347-579,25/08/1998,Heloísa,Periquito,Pássaro,12/04/2006,Macho,"1,07",Dra. Julia,Limpeza dental,Débito,"306,31",Sedação leve para procedimento indicado.
25/08/2025,Isabella Da Cruz,738.642.509-00,(21) 96903-1744,26475-613,05/06/1994,Erick,Anão russo,Hamster,16/10/2023,Macho,"0,13",Dr. Lucas,Vacinação,Dinheiro,"177,98",Sinais de melhoria após tratamento.
23/02/2025,Fernando Cunha,521.963.807-68,(21) 99573-8994,28864-036,18/12/1992,Thales,Ragdoll,Gato,04/10/2022,Fêmea,"2,57",Dra. Julia,Internação diária,Débito,"108,07",Sedação leve para procedimento indicado.
20/07/2025,Maria Luísa Camargo,085.419.327-88,(21) 96420-9042,20200-587,28/03/1985,Gabriel,SRD,Coelho,18/06/2018,Fêmea,"5,09",Dra. Julia,Vacinação,Débito,"107,11",Realizar exames laboratoriais complementares.
06/11/2024,Laís Souza,623.148.509-98,(21) 99894-9779,23033-196,20/06/1985,Ravi Lucca,Netherland Dwarf,Coelho,03/07/2022,Fêmea,"1,76",Dr. Lucas,Exame de fezes,Débito,"62,27",Realizar exames laboratoriais complementares.
06/07/2025,Emilly Cavalcante,045.231.867-07,(21) 99073-4995,27613-583,19/05/1988,Ana Julia,SRD,Coelho,14/04/2021,Macho,"1,49",Dra. Millena,Limpeza dental,Débito,"419,60",Necessário retorno para avaliação em 15 dias.
01/10/2025,Raul Pinto,462.587.310-07,(21) 96877-8953,28834-135,03/07/2002,Vitória,Papagaio,Pássaro,07/08/2012,Macho,"0,04",Dra. Millena,Limpeza dental,Crédito,"454,29","Paciente estável, sem sinais vitais alterados."
04/10/2025,Mirella Freitas,208.937.456-00,(21) 99954-4020,20841-258,16/09/1964,Alexandre,Maine Coon,Gato,03/11/2009,Fêmea,"2,98",Dra. Julia,Castração,Débito,"421,85","Ferida cicatrizando, curativo semanal."
15/10/2025,Sra. Sofia Das Neves,356.082.497-47,(21) 97295-8491,21188-009,19/09/1982,Noah,Sírio,Hamster,16/03/2025,Macho,"0,12",Dra. Millena,Limpeza dental,Pix,"242,54",Realizar exames laboratoriais complementares.
08/10/2025,Henrique Montenegro,096.157.823-86,(21) 96334-7326,26142-229,08/12/1996,Rafael,Lop,Coelho,18/05/2018,Macho,"5,29",Dra. Julia,Ultrassonografia,Pix,"238,76",Sinais de melhoria após tratamento.
30/07/2025,Otto Mendonça,410.293.678-50,(21) 97766-6967,21146-971,23/12/1989,Vitor Gabriel,Anão russo,Hamster,29/04/2023,Macho,"0,16",Dr. Lucas,Castração,Pix,"356,29","Peso abaixo do ideal, sugerir dieta."
18/07/2025,Lorenzo Da Paz,209.356.478-56,(21) 96529-3878,26229-545,22/01/2001,Maria,Persa,Gato,23/07/2012,Fêmea,"3,45",Dra. Millena,Emergência 24h,Débito,"300,01",Encaminhado para especialista.
18/08/2025,Lorenzo Da Paz,209.356.478-56,(21) 96529-3878,26229-545,22/01/2001,Maria,Persa,Gato,31/03/2020,Fêmea,"7,15",Dra. Julia,Consulta veterinária,Débito,"190,98",Sinais de melhoria após tratamento.
03/10/2025,Giovanna Vargas,950.678.421-30,(21) 98635-8504,20510-062,09/04/1967,Isabella,Persa,Gato,16/08/2009,Macho,"4,21",Dra. Julia,Consulta veterinária,Pix,"164,54","Paciente estável, sem sinais vitais alterados."
28/10/2025,Eloá Siqueira,637.452.918-91,(21) 99708-8361,28410-150,12/07/2008,Thomas,Labrador,Cachorro,10/05/2022,Fêmea,"7,94",Dra. Millena,Raio-X,Débito,"239,94","Vacinação atualizada, sem reações."
09/10/2025,Bella Carvalho,427.698.051-85,(21) 99538-8651,20887-689,20/09/1980,Laís,SRD,Gato,28/05/2022,Macho,"6,27",Dra. Julia,Vacinação,Débito,"89,22","Vacinação atualizada, sem reações."
19/02/2025,Breno Sales,249.538.670-92,(21) 99309-8260,21604-051,02/11/1983,Manuella,Periquito,Pássaro,06/09/2009,Fêmea,"1,63",Dra. Julia,Raio-X,Pix,"224,14",Recomendada medicação antibiótica por 7 dias.
07/06/2025,Bruna Azevedo,047.362.195-99,(21) 99282-3184,27612-683,09/01/1983,André,Papagaio,Pássaro,14/12/2015,Macho,"1,41",Dra. Julia,Raio-X,Crédito,"278,15","Ferida cicatrizando, curativo semanal."
29/10/2024,Allana Camargo,832.714.065-53,(21) 97482-7543,23593-141,12/10/1998,Kamilly,Persa,Gato,17/11/2021,Fêmea,"5,00",Dra. Julia,Microchipagem,Débito,"105,24",Sinais de melhoria após tratamento.
20/01/2025,Ana Beatriz Barbosa,528.943.170-50,(21) 99811-6727,20436-424,01/05/1984,Igor,Sphynx,Gato,05/08/2015,Macho,"6,24",Dr. Lucas,Banho e tosa,Débito,"148,76",Sedação leve para procedimento indicado.
27/04/2025,Breno Sales,249.538.670-92,(21) 99309-8260,21604-051,02/11/1983,Manuella,Periquito,Pássaro,10/02/2015,Fêmea,"0,92",Dr. Lucas,Exame de sangue,Débito,"177,81","Paciente estável, sem sinais vitais alterados."
22/11/2024,João Lucas Nogueira,180.964.357-01,(21) 97193-3352,27032-001,18/01/1993,Brayan,Siamês,Gato,13/09/2014,Fêmea,"6,85",Dr. Lucas,Ultrassonografia,Dinheiro,"182,23",Encaminhado para especialista.
01/12/2024,Sra. Sofia Das Neves,356.082.497-47,(21) 97295-8491,21188-009,19/09/1982,Noah,Sírio,Hamster,01/10/2024,Macho,"0,11",Dra. Millena,Ultrassonografia,Dinheiro,"198,82",Sedação leve para procedimento indicado.
19/06/2025,Sr. João Gabriel Viana,501.378.269-40,(21) 99229-6850,21106-353,17/09/1980,Theo,Sírio,Hamster,08/12/2022,Fêmea,"0,25",Dr. Lucas,Ultrassonografia,Pix,"205,45",Recomendada medicação antibiótica por 7 dias.
08/08/2025,Sr. Lorenzo Almeida,294.610.738-87,(21) 96982-3573,22847-565,09/04/2000,Antony,Anão russo,Hamster,10/09/2024,Fêmea,"0,14",Dra. Millena,Consulta com especialista,Débito,"313,54",Recomendada medicação antibiótica por 7 dias.
19/06/2025,Alícia Teixeira,695.437.081-93,(21) 99541-4878,22662-999,06/04/2007,Juliana,Poodle,Cachorro,21/09/2013,Macho,"30,18",Dr. Lucas,Exame de sangue,Pix,"165,64","Paciente estável, sem sinais vitais alterados."
26/02/2025,Daniela Da Costa,053.819.276-30,(21) 96008-7209,26396-271,20/06/1965,Luna,Persa,Gato,14/10/2007,Fêmea,"2,55",Dra. Millena,Limpeza dental,Pix,"319,30",Sedação leve para procedimento indicado.
25/01/2025,Miguel Albuquerque,517.089.324-88,(21) 99410-2647,23180-303,05/06/1995,Liz,Ragdoll,Gato,23/12/2013,Macho,"6,81",Dra. Millena,Consulta com especialista,Dinheiro,"336,69",Realizar exames laboratoriais complementares.
28/10/2025,Anna Liz Freitas,823.145.967-73,(21) 99851-9991,28647-433,09/07/1991,Emanuella,SRD,Cachorro,26/05/2024,Fêmea,"21,37",Dra. Julia,Banho e tosa,Dinheiro,"73,30",Sinais de melhoria após tratamento.
01/12/2024,Maria Sophia Leão,627.198.530-03,(21) 99458-5846,21657-519,16/10/2001,Eduardo,Calopsita,Pássaro,10/01/2023,Macho,"0,60",Dr. Lucas,Banho e tosa,Dinheiro,"143,96","Peso abaixo do ideal, sugerir dieta."
29/12/2024,Augusto Guerra,603.185.497-00,(21) 97365-3463,21335-596,02/06/1989,Yago,Golden Retriever,Cachorro,30/12/2019,Macho,"28,42",Dr. Lucas,Raio-X,Pix,"150,43",Realizar exames laboratoriais complementares.
23/09/2025,Cauê Brito,860.742.591-94,(21) 97837-8685,20086-927,19/07/1992,Apollo,Anão russo,Hamster,16/03/2025,Fêmea,"0,18",Dr. Lucas,Microchipagem,Débito,"131,39",Realizar exames laboratoriais complementares.
18/10/2025,Cauê Brito,860.742.591-94,(21) 97837-8685,20086-927,19/07/1992,Samuel,Sírio,Hamster,23/02/2025,Fêmea,"0,12",Dra. Millena,Consulta com especialista,Crédito,"184,42",Encaminhado para especialista.
01/10/2025,Sr. Lorenzo Almeida,294.610.738-87,(21) 96982-3573,22847-565,09/04/2000,Antony,Anão russo,Hamster,10/08/2025,Fêmea,"0,22",Dr. Lucas,Banho e tosa,Crédito,"111,07",Necessário retorno para avaliação em 15 dias.
27/11/2024,Maria Vitória Pires,438.105.679-57,(21) 97115-3546,24616-619,26/07/1990,Sophia,Periquito,Pássaro,17/01/2022,Macho,"1,94",Dra. Julia,Consulta veterinária,Crédito,"136,35","Peso abaixo do ideal, sugerir dieta."
08/10/2025,Joaquim Caldeira,241.809.375-14,(21) 99684-7311,23114-260,08/11/1987,João Miguel,Shih Tzu,Cachorro,09/10/2024,Fêmea,"1,02",Dra. Millena,Microchipagem,Crédito,"102,51","Ferida cicatrizando, curativo semanal."
25/06/2025,Henrique Teixeira,374.601.982-69,(21) 98932-4257,28928-429,20/06/1982,Mariana,Anão russo,Hamster,09/06/2024,Macho,"0,12",Dra. Julia,Limpeza dental,Pix,"247,11","Vacinação atualizada, sem reações."
20/05/2025,Dra. Ísis Leão,013.845.927-41,(21) 96130-7912,20488-095,05/01/1984,Stephany,Siamês,Gato,01/09/2011,Fêmea,"7,30",Dr. Lucas,Exame de sangue,Débito,"188,33","Ferida cicatrizando, curativo semanal."
05/05/2025,Thales Martins,124.967.580-49,(21) 99826-6568,28318-273,04/06/2005,Pedro Henrique,Poodle,Cachorro,24/04/2020,Macho,"11,26",Dra. Julia,Exame de fezes,Crédito,"74,37",Sinais de melhoria após tratamento.
30/03/2025,Maria Clara Castro,341.670.952-70,(21) 96511-9785,26201-080,29/12/1979,Cauê,Anão russo,Hamster,10/09/2024,Macho,"0,18",Dra. Julia,Exame de fezes,Pix,"100,29",Sedação leve para procedimento indicado.
23/10/2025,Henrique Araújo,746.598.302-92,(21) 99804-4470,28835-773,28/05/2006,Ísis,SRD,Cachorro,15/02/2020,Macho,"8,68",Dra. Julia,Ultrassonografia,Pix,"193,83","Paciente estável, sem sinais vitais alterados."
14/10/2025,Henrique Montenegro,096.157.823-86,(21) 96334-7326,26142-229,08/12/1996,Nicole,Maine Coon,Gato,24/09/2023,Fêmea,"5,76",Dra. Julia,Raio-X,Dinheiro,"212,82",Necessário retorno para avaliação em 15 dias.
16/10/2025,Leandro Fonseca,280.694.137-78,(21) 96681-4872,26658-497,08/10/1988,Cecília,Lop,Coelho,04/05/2020,Fêmea,"5,50",Dr. Lucas,Exame de fezes,Crédito,"93,06","Paciente estável, sem sinais vitais alterados."
09/10/2025,Aylla Dias,836.917.254-73,(21) 98820-8679,24982-716,24/02/1992,Maria Liz,Sphynx,Gato,22/07/2016,Fêmea,"7,38",Dra. Millena,Vacinação,Dinheiro,"130,22","Paciente estável, sem sinais vitais alterados."
18/12/2024,Henrique Sousa,431.572.098-41,(21) 97697-8461,23185-735,18/04/1985,Maria,Anão russo,Hamster,10/09/2022,Macho,"0,05",Dra. Julia,Exame de sangue,Crédito,"171,22",Encaminhado para especialista.
25/06/2025,Emanuel Viana,296.018.347-96,(21) 96634-8973,23111-303,13/01/1999,Renan,Lop,Coelho,04/01/2024,Fêmea,"3,26",Dra. Millena,Raio-X,Dinheiro,"238,68",Encaminhado para especialista.
04/04/2025,Benjamin Freitas,490.287.613-22,(21) 99820-8460,25272-890,18/01/1993,Guilherme,SRD,Cachorro,07/09/2018,Macho,"22,60",Dr. Lucas,Eutanásia,Crédito,"447,87","Ferida cicatrizando, curativo semanal."
04/09/2025,Raul Pinto,462.587.310-07,(21) 96877-8953,28834-135,03/07/2002,Bryan,Anão russo,Hamster,15/08/2024,Fêmea,"0,19",Dr. Lucas,Exame de sangue,Débito,"176,11","Ferida cicatrizando, curativo semanal."
11/10/2025,Luna Pereira,469.783.502-65,(21) 97953-7232,20096-965,07/04/1988,Otávio,SRD,Gato,28/06/2023,Macho,"2,71",Dra. Julia,Consulta veterinária,Crédito,"154,60",Necessário retorno para avaliação em 15 dias.
15/05/2025,Daniel Araújo,839.540.721-14,(21) 97920-2118,27245-646,09/01/1992,Pietra,Canário,Pássaro,29/08/2014,Fêmea,"1,92",Dr. Lucas,Consulta veterinária,Crédito,"191,14","Vacinação atualizada, sem reações."
08/10/2025,Enzo Silveira,805.641.392-89,(21) 96681-8269,24906-925,10/10/1990,Enzo Gabriel,Labrador,Cachorro,14/03/2021,Fêmea,"25,50",Dra. Julia,Emergência 24h,Dinheiro,"216,45",Necessário retorno para avaliação em 15 dias.
16/09/2025,Letícia Porto,270.569.148-02,(21) 97084-3340,22287-252,23/06/2001,Mariane,Periquito,Pássaro,14/07/2016,Macho,"0,25",Dra. Millena,Exame de fezes,Dinheiro,"91,39",Encaminhado para especialista.
27/05/2025,Otto Freitas,180.736.294-96,(21) 96423-8381,25626-731,13/08/1980,Isaac,Ragdoll,Gato,16/10/2023,Fêmea,"2,59",Dra. Millena,Consulta com especialista,Dinheiro,"182,38",Necessário retorno para avaliação em 15 dias.
12/10/2025,Isaac Rocha,793.481.062-87,(21) 99816-5905,21697-961,14/09/1971,Clara,SRD,Gato,26/05/2009,Macho,"6,50",Dr. Lucas,Emergência 24h,Débito,"219,95","Paciente estável, sem sinais vitais alterados."
10/07/2025,Heitor Vargas,974.013.682-69,(21) 99112-8242,20845-208,11/06/1996,Davi Miguel,Sphynx,Gato,15/07/2009,Fêmea,"3,19",Dr. Lucas,Ultrassonografia,Débito,"188,86","Peso abaixo do ideal, sugerir dieta."
09/10/2025,Enzo Silveira,805.641.392-89,(21) 96681-8269,24906-925,10/10/1990,Enzo Gabriel,Labrador,Cachorro,31/10/2011,Fêmea,"17,73",Dra. Julia,Castração,Crédito,"298,98","Vacinação atualizada, sem reações."
04/11/2024,Felipe Nascimento,679.304.128-22,(21) 98898-5059,27172-449,20/08/1981,Bento,SRD,Coelho,12/09/2017,Fêmea,"4,98",Dra. Millena,Ultrassonografia,Pix,"303,43",Sedação leve para procedimento indicado.
25/10/2025,Anna Liz Gonçalves,516.708.324-90,(21) 99419-7807,27905-483,27/08/1983,Kevin,Lop,Coelho,16/02/2025,Fêmea,"4,51",Dra. Millena,Emergência 24h,Dinheiro,"214,75","Paciente estável, sem sinais vitais alterados."
16/01/2025,Joaquim Freitas,918.476.205-58,(21) 96779-7669,21545-099,05/04/1989,Pedro Henrique,Anão russo,Hamster,28/05/2022,Macho,"0,20",Dra. Millena,Vacinação,Pix,"161,78",Recomendada medicação antibiótica por 7 dias.
29/04/2025,Mateus Duarte,601.537.982-03,(21) 97432-8541,25000-840,12/07/2006,Theo,Shih Tzu,Cachorro,15/04/2021,Macho,"15,61",Dra. Millena,Castração,Dinheiro,"358,91",Sedação leve para procedimento indicado.
15/10/2025,Anna Liz Freitas,823.145.967-73,(21) 99851-9991,28647-433,09/07/1991,Emanuella,SRD,Cachorro,16/06/2021,Fêmea,"25,36",Dra. Millena,Limpeza dental,Pix,"481,68",Necessário retorno para avaliação em 15 dias.
13/12/2024,Dr. Erick Vasconcelos,153.860.247-44,(21) 99061-6352,26807-179,06/05/1983,Henry Gabriel,Canário,Pássaro,12/04/2007,Fêmea,"1,96",Dra. Millena,Consulta com especialista,Dinheiro,"238,17","Vacinação atualizada, sem reações."
30/05/2025,Lara Pinto,603.249.815-89,(21) 98744-6400,22002-420,13/10/1987,Enzo,Siamês,Gato,23/04/2018,Fêmea,"7,76",Dr. Lucas,Raio-X,Débito,"219,21",Sedação leve para procedimento indicado.
19/10/2025,Esther Da Paz,305.249.718-97,(21) 96576-2233,23696-880,27/01/1988,Melina,Shih Tzu,Cachorro,23/01/2025,Fêmea,"7,25",Dra. Julia,Limpeza dental,Dinheiro,"429,89",Sinais de melhoria após tratamento.
13/10/2025,Anna Liz Gonçalves,516.708.324-90,(21) 99419-7807,27905-483,27/08/1983,Kevin,Lop,Coelho,02/07/2020,Fêmea,"4,48",Dr. Lucas,Raio-X,Dinheiro,"162,03","Paciente estável, sem sinais vitais alterados."
05/10/2025,Zoe Vasconcelos,165.739.804-84,(21) 98948-3041,24920-519,25/05/1987,Kamilly,Netherland Dwarf,Coelho,01/12/2020,Macho,"4,02",Dra. Millena,Banho e tosa,Dinheiro,"136,21",Sedação leve para procedimento indicado.
03/07/2025,Allana Camargo,832.714.065-53,(21) 97482-7543,23593-141,12/10/1998,Kamilly,Persa,Gato,12/02/2023,Fêmea,"5,27",Dr. Lucas,Internação diária,Débito,"232,97","Vacinação atualizada, sem reações."
07/07/2025,Sra. Ana Vitória Da Rosa,902.678.154-76,(21) 98721-4068,21402-536,14/02/1977,Larissa,Poodle,Cachorro,26/06/2023,Fêmea,"37,95",Dra. Julia,Consulta com especialista,Pix,"233,17",Recomendada medicação antibiótica por 7 dias.
24/03/2025,Maria Sophia Leão,627.198.530-03,(21) 99458-5846,21657-519,16/10/2001,Eduardo,Calopsita,Pássaro,17/04/2006,Macho,"1,03",Dr. Lucas,Castração,Pix,"656,55",Sinais de melhoria após tratamento.
01/04/2025,Miguel Albuquerque,517.089.324-88,(21) 99410-2647,23180-303,05/06/1995,Liz,Ragdoll,Gato,25/05/2016,Macho,"5,68",Dr. Lucas,Limpeza dental,Débito,"274,74","Ferida cicatrizando, curativo semanal."
14/10/2025,Hellena Da Mata,967.025.318-77,(21) 99016-3938,25442-801,11/07/1958,Yuri,Golden Retriever,Cachorro,11/12/2013,Fêmea,"28,89",Dra. Julia,Consulta veterinária,Dinheiro,"131,77","Vacinação atualizada, sem reações."
01/07/2025,Emanuel Viana,296.018.347-96,(21) 96634-8973,23111-303,13/01/1999,Isaac,Papagaio,Pássaro,20/05/2020,Fêmea,"1,43",Dr. Lucas,Eutanásia,Crédito,"444,02",Sinais de melhoria após tratamento.
11/02/2025,Leandro Fonseca,280.694.137-78,(21) 96681-4872,26658-497,08/10/1988,Cecília,Lop,Coelho,17/05/2023,Fêmea,"1,62",Dr. Lucas,Exame de sangue,Dinheiro,"230,23","Vacinação atualizada, sem reações."
17/06/2025,Dr. Pedro Miguel Teixeira,596.407.123-61,(21) 97716-9850,22531-906,28/02/1997,Emanuelly,Shih Tzu,Cachorro,06/07/2011,Macho,"27,76",Dra. Julia,Internação diária,Dinheiro,"161,97","Paciente estável, sem sinais vitais alterados."
17/10/2025,Gustavo Gonçalves,354.018.627-17,(21) 96958-8355,28749-244,01/08/1985,Eloah,Sírio,Hamster,24/04/2024,Macho,"0,05",Dra. Julia,Emergência 24h,Dinheiro,"367,61","Paciente estável, sem sinais vitais alterados."
10/08/2025,Mariah Da Cruz,714.385.069-10,(21) 99493-2874,23522-440,09/04/1993,Enzo,Persa,Gato,29/08/2007,Macho,"5,78",Dra. Millena,Raio-X,Crédito,"231,51",Recomendada medicação antibiótica por 7 dias.
03/09/2025,Kaique Vargas,854.731.692-28,(21) 96644-3549,20815-690,05/12/1985,Luiza,Calopsita,Pássaro,21/05/2010,Macho,"1,23",Dra. Millena,Exame de fezes,Dinheiro,"73,65",Encaminhado para especialista.
07/10/2025,Juliana Alves,158.024.936-15,(21) 96743-5557,27141-650,07/03/2008,Ana Sophia,Papagaio,Pássaro,21/10/2017,Macho,"0,63",Dra. Julia,Eutanásia,Dinheiro,"368,31","Ferida cicatrizando, curativo semanal."
24/07/2025,Srta. Ana Beatriz Ribeiro,863.172.950-77,(21) 96269-6482,25401-096,15/06/1988,Liz,Lop,Coelho,03/11/2018,Macho,"4,02",Dra. Millena,Eutanásia,Débito,"384,77",Necessário retorno para avaliação em 15 dias.
04/08/2025,Lorenzo Da Paz,209.356.478-56,(21) 96529-3878,26229-545,22/01/2001,Maria,Persa,Gato,18/06/2014,Fêmea,"5,19",Dr. Lucas,Limpeza dental,Débito,"225,09",Sedação leve para procedimento indicado.
14/09/2025,Enzo Silveira,805.641.392-89,(21) 96681-8269,24906-925,10/10/1990,Enzo Gabriel,Labrador,Cachorro,10/10/2011,Fêmea,"33,79",Dra. Julia,Raio-X,Pix,"163,87",Encaminhado para especialista.
24/10/2025,Zoe Vasconcelos,165.739.804-84,(21) 98948-3041,24920-519,25/05/1987,Fernanda,Siamês,Gato,03/03/2024,Fêmea,"7,37",Dra. Julia,Exame de fezes,Pix,"82,05","Ferida cicatrizando, curativo semanal."
26/09/2025,Ana Araújo,581.347.029-88,(21) 98815-2166,23824-946,13/01/1980,Caroline,Anão russo,Hamster,15/09/2023,Macho,"0,19",Dra. Julia,Vacinação,Dinheiro,"84,49",Necessário retorno para avaliação em 15 dias.
15/01/2025,Aylla Dias,836.917.254-73,(21) 98820-8679,24982-716,24/02/1992,João,Sírio,Hamster,07/10/2022,Macho,"0,19",Dra. Millena,Microchipagem,Débito,"145,79","Ferida cicatrizando, curativo semanal."
25/10/2025,Laís Souza,623.148.509-98,(21) 99894-9779,23033-196,20/06/1985,Ravi Lucca,Netherland Dwarf,Coelho,13/12/2021,Fêmea,"3,86",Dr. Lucas,Emergência 24h,Crédito,"254,85",Sinais de melhoria após tratamento.
06/10/2025,Maria Sophia Leão,627.198.530-03,(21) 99458-5846,21657-519,16/10/2001,Eduardo,Calopsita,Pássaro,28/11/2016,Macho,"0,93",Dra. Millena,Microchipagem,Dinheiro,"96,93",Sedação leve para procedimento indicado.
13/12/2024,Julia Viana,678.130.954-48,(21) 98702-3103,27787-969,10/02/1992,Maya,Siamês,Gato,22/04/2014,Fêmea,"5,51",Dr. Lucas,Limpeza dental,Débito,"243,48","Vacinação atualizada, sem reações."
14/06/2025,Sarah Moura,347.612.958-64,(21) 96717-3785,21293-624,01/12/1959,Alice,Ragdoll,Gato,24/12/2007,Fêmea,"3,18",Dra. Julia,Vacinação,Crédito,"83,70","Peso abaixo do ideal, sugerir dieta."
21/04/2025,André Nascimento,750.486.321-17,(21) 96563-3392,20627-293,23/11/1963,André,Calopsita,Pássaro,04/07/2018,Macho,"0,74",Dra. Julia,Exame de sangue,Pix,"174,54",Sedação leve para procedimento indicado.
11/08/2025,Zoe Vasconcelos,165.739.804-84,(21) 98948-3041,24920-519,25/05/1987,Fernanda,Siamês,Gato,17/01/2016,Fêmea,"2,99",Dra. Julia,Ultrassonografia,Débito,"332,20",Encaminhado para especialista.
26/05/2025,Maria Helena Peixoto,109.756.328-68,(21) 99452-6313,20916-234,12/04/2004,Mirella,Sírio,Hamster,29/09/2022,Fêmea,"0,13",Dra. Millena,Vacinação,Pix,"80,41",Encaminhado para especialista.
03/10/2025,Bianca Da Costa,946.523.701-99,(21) 98001-7658,23937-707,24/03/1985,Theodoro,Ragdoll,Gato,23/04/2017,Macho,"6,67",Dra. Julia,Raio-X,Dinheiro,"288,14",Recomendada medicação antibiótica por 7 dias.
01/10/2025,Mariah Da Cruz,714.385.069-10,(21) 99493-2874,23522-440,09/04/1993,Enzo,Persa,Gato,02/02/2025,Macho,"4,22",Dra. Julia,Emergência 24h,Débito,"285,30",Sedação leve para procedimento indicado.
01/08/2025,Lucas Da Conceição,320.845.917-32,(21) 98913-2680,28452-871,15/08/1998,Levi,Papagaio,Pássaro,23/11/2020,Macho,"1,18",Dr. Lucas,Castração,Pix,"618,83",Recomendada medicação antibiótica por 7 dias.
12/10/2025,Lucas Gabriel Vargas,487.205.319-23,(21) 97837-9786,22296-432,04/07/1986,Ana Cecília,Anão russo,Hamster,21/09/2024,Macho,"0,23",Dra. Julia,Consulta com especialista,Pix,"345,46","Paciente estável, sem sinais vitais alterados."
08/08/2025,Joaquim Freitas,918.476.205-58,(21) 96779-7669,21545-099,05/04/1989,Zoe,Anão russo,Hamster,01/12/2022,Macho,"0,21",Dra. Millena,Eutanásia,Crédito,"276,01",Encaminhado para especialista.
14/10/2025,Renan Machado,957.486.321-28,(21) 98297-8007,20158-114,31/01/1996,Vitor,SRD,Cachorro,15/12/2011,Fêmea,"12,04",Dra. Julia,Exame de fezes,Pix,"79,32",Sedação leve para procedimento indicado.
17/10/2025,Jade Silva,729.810.645-76,(21) 99407-8538,25928-090,04/07/1997,Luiz Fernando,Ragdoll,Gato,08/08/2009,Macho,"2,27",Dr. Lucas,Raio-X,Débito,"166,37",Recomendada medicação antibiótica por 7 dias.
28/10/2025,Sr. Arthur Dias,069.342.187-87,(21) 99871-8237,25661-601,20/11/1986,Rafaela,Netherland Dwarf,Coelho,11/02/2025,Macho,"5,18",Dra. Julia,Emergência 24h,Crédito,"344,99",Sedação leve para procedimento indicado.
06/06/2025,Mariane Novais,423.785.096-00,(21) 96382-9624,26937-520,02/06/1989,Davi Lucas,Anão russo,Hamster,24/06/2022,Macho,"0,13",Dra. Millena,Internação diária,Crédito,"234,99","Paciente estável, sem sinais vitais alterados."
29/09/2025,Sra. Isabel Nascimento,706.251.394-61,(21) 97535-6873,27056-149,23/01/1987,Theo,Netherland Dwarf,Coelho,04/02/2022,Macho,"3,59",Dra. Julia,Exame de sangue,Dinheiro,"114,94",Sedação leve para procedimento indicado.
28/03/2025,Sra. Gabriela Campos,681.293.754-19,(21) 98230-7018,25876-062,05/09/1994,Luiz Felipe,Netherland Dwarf,Coelho,17/08/2021,Macho,"4,74",Dr. Lucas,Microchipagem,Débito,"96,87",Realizar exames laboratoriais complementares.
21/03/2025,Zoe Almeida,036.548.971-93,(21) 96033-5497,20803-932,15/06/1985,Ana Carolina,Papagaio,Pássaro,23/10/2013,Fêmea,"1,97",Dra. Millena,Banho e tosa,Dinheiro,"116,94","Vacinação atualizada, sem reações."
26/09/2025,Esther Da Paz,305.249.718-97,(21) 96576-2233,23696-880,27/01/1988,Melina,Shih Tzu,Cachorro,25/01/2016,Fêmea,"31,52",Dra. Millena,Consulta com especialista,Pix,"189,71",Sedação leve para procedimento indicado.
15/10/2025,Otávio Câmara,936.871.420-78,(21) 98001-9280,24114-927,24/09/1978,Stephany,Pinscher,Cachorro,03/02/2024,Macho,"17,63",Dra. Julia,Exame de fezes,Pix,"118,22",Sedação leve para procedimento indicado.
17/10/2025,Ana Laura Novais,971.430.568-39,(21) 96314-5703,21479-629,16/03/1988,Lucas Gabriel,Papagaio,Pássaro,21/07/2006,Macho,"0,33",Dr. Lucas,Limpeza dental,Débito,"279,02",Encaminhado para especialista.
20/03/2025,Hellena Da Mata,967.025.318-77,(21) 99016-3938,25442-801,11/07/1958,Yuri,Golden Retriever,Cachorro,12/12/2018,Fêmea,"5,37",Dr. Lucas,Banho e tosa,Dinheiro,"73,54",Sedação leve para procedimento indicado.
09/01/2025,Raul Pinto,462.587.310-07,(21) 96877-8953,28834-135,03/07/2002,Vitória,Papagaio,Pássaro,08/05/2023,Macho,"0,37",Dra. Julia,Ultrassonografia,Crédito,"396,95","Ferida cicatrizando, curativo semanal."
28/10/2024,Cauê Brito,860.742.591-94,(21) 97837-8685,20086-927,19/07/1992,Samuel,Sírio,Hamster,01/12/2023,Fêmea,"0,26",Dra. Julia,Consulta veterinária,Pix,"134,33",Sinais de melhoria após tratamento.
20/10/2025,Leandro Fonseca,280.694.137-78,(21) 96681-4872,26658-497,08/10/1988,Vinicius,Papagaio,Pássaro,18/03/2006,Fêmea,"0,57",Dra. Millena,Banho e tosa,Dinheiro,"75,34",Encaminhado para especialista.
10/10/2025,Zoe Almeida,036.548.971-93,(21) 96033-5497,20803-932,15/06/1985,Heloísa,Canário,Pássaro,16/07/2020,Fêmea,"1,15",Dr. Lucas,Internação diária,Débito,"136,74",Encaminhado para especialista.
30/04/2025,Melina Pires,975.682.130-21,(21) 97829-3434,28824-495,04/02/1983,Erick,Ragdoll,Gato,04/06/2021,Fêmea,"4,24",Dr. Lucas,Raio-X,Dinheiro,"287,11",Sedação leve para procedimento indicado.
17/10/2025,Ísis Garcia,437.286.910-03,(21) 98486-8957,27242-424,11/09/1984,Rhavi,Shih Tzu,Cachorro,12/08/2015,Fêmea,"17,07",Dr. Lucas,Emergência 24h,Dinheiro,"338,33","Ferida cicatrizando, curativo semanal."
05/05/2025,Luiz Gustavo Da Luz,376.209.851-40,(21) 97663-5930,28977-853,23/07/1991,Francisco,Sírio,Hamster,14/08/2023,Fêmea,"0,28",Dra. Julia,Exame de sangue,Crédito,"219,85",Necessário retorno para avaliação em 15 dias.
08/10/2025,Bryan Moura,832.790.641-04,(21) 96897-6772,23115-635,20/12/1995,Cauê,Sírio,Hamster,14/06/2023,Macho,"0,29",Dr. Lucas,Ultrassonografia,Crédito,"382,44","Vacinação atualizada, sem reações."
19/08/2025,Ana Beatriz Barbosa,528.943.170-50,(21) 99811-6727,20436-424,01/05/1984,Gustavo,Pinscher,Cachorro,20/11/2024,Fêmea,"21,90",Dra. Millena,Internação diária,Dinheiro,"214,14",Realizar exames laboratoriais complementares.
28/10/2025,Davi Lucca Garcia,248.905.361-24,(21) 96497-8941,20472-996,08/11/1992,Antony,Ragdoll,Gato,20/12/2008,Macho,"5,52",Dra. Julia,Limpeza dental,Pix,"250,20","Vacinação atualizada, sem reações."
05/05/2025,Bella Carvalho,427.698.051-85,(21) 99538-8651,20887-689,20/09/1980,Laís,SRD,Gato,09/03/2024,Macho,"3,02",Dra. Julia,Castração,Débito,"439,85","Ferida cicatrizando, curativo semanal."
27/10/2025,Bryan Moura,832.790.641-04,(21) 96897-6772,23115-635,20/12/1995,Cauê,Sírio,Hamster,13/12/2023,Macho,"0,24",Dra. Millena,Consulta com especialista,Dinheiro,"201,47",Recomendada medicação antibiótica por 7 dias.
27/08/2025,Joaquim Freitas,918.476.205-58,(21) 96779-7669,21545-099,05/04/1989,Lunna,Sírio,Hamster,15/01/2025,Macho,"0,19",Dra. Julia,Vacinação,Débito,"136,64","Peso abaixo do ideal, sugerir dieta."
20/04/2025,Alexandre Da Mota,231.647.508-62,(21) 98497-1986,21625-970,21/06/2006,Rafaela,Canário,Pássaro,30/04/2013,Macho,"1,37",Dr. Lucas,Vacinação,Crédito,"171,77","Peso abaixo do ideal, sugerir dieta."
28/08/2025,Srta. Sara Moreira,125.387.904-41,(21) 96134-5583,26070-222,05/05/1993,Zoe,SRD,Cachorro,06/07/2014,Macho,"34,10",Dr. Lucas,Eutanásia,Pix,"312,17","Paciente estável, sem sinais vitais alterados."
24/08/2025,Ana Sophia Machado,467.935.081-48,(21) 98212-3129,24106-817,29/08/2000,Arthur,Sírio,Hamster,14/12/2024,Macho,"0,05",Dra. Millena,Vacinação,Débito,"171,75","Peso abaixo do ideal, sugerir dieta."
30/07/2025,Sr. Arthur Dias,069.342.187-87,(21) 99871-8237,25661-601,20/11/1986,Rafaela,Netherland Dwarf,Coelho,14/03/2021,Macho,"2,19",Dra. Julia,Microchipagem,Dinheiro,"124,63",Encaminhado para especialista.
29/09/2025,Murilo Teixeira,658.701.243-44,(21) 98424-7455,20444-085,14/03/1996,Alice,Calopsita,Pássaro,03/06/2014,Macho,"0,57",Dr. Lucas,Exame de fezes,Débito,"75,46","Paciente estável, sem sinais vitais alterados."
13/10/2025,Rael Ferreira,412.739.850-79,(21) 99681-1153,27622-922,21/08/1983,Ana Julia,Shih Tzu,Cachorro,17/10/2015,Fêmea,"4,10",Dra. Millena,Consulta veterinária,Crédito,"124,47",Encaminhado para especialista.
24/10/2025,Manuella Santos,217.853.096-68,(21) 98714-2501,23475-657,10/10/2000,Maria Julia,Netherland Dwarf,Coelho,12/06/2019,Macho,"5,63",Dr. Lucas,Consulta veterinária,Crédito,"124,74",Realizar exames laboratoriais complementares.
03/09/2025,André Nascimento,750.486.321-17,(21) 96563-3392,20627-293,23/11/1963,André,Calopsita,Pássaro,03/12/2019,Macho,"1,37",Dra. Julia,Consulta veterinária,Pix,"193,79",Realizar exames laboratoriais complementares.
20/10/2025,Maria Alice Araújo,537.812.049-79,(21) 96348-5978,24066-121,02/01/1987,Maria Liz,SRD,Coelho,08/02/2021,Macho,"4,76",Dra. Millena,Eutanásia,Crédito,"226,66","Vacinação atualizada, sem reações."
22/10/2025,Breno Sales,249.538.670-92,(21) 99309-8260,21604-051,02/11/1983,Manuella,Periquito,Pássaro,19/04/2025,Fêmea,"0,60",Dra. Millena,Limpeza dental,Débito,"269,35",Sedação leve para procedimento indicado.
13/07/2025,Sra. Ana Vitória Da Rosa,902.678.154-76,(21) 98721-4068,21402-536,14/02/1977,Larissa,Poodle,Cachorro,21/12/2017,Fêmea,"6,39",Dra. Millena,Exame de sangue,Débito,"157,48",Sedação leve para procedimento indicado.
26/10/2025,Alícia Borges,258.163.479-00,(21) 97633-8430,26815-747,01/06/1987,Stella,Labrador,Cachorro,14/09/2025,Fêmea,"4,78",Dra. Millena,Limpeza dental,Crédito,"357,49","Peso abaixo do ideal, sugerir dieta."
05/10/2025,Ana Araújo,581.347.029-88,(21) 98815-2166,23824-946,13/01/1980,Caroline,Anão russo,Hamster,12/07/2023,Macho,"0,12",Dr. Lucas,Castração,Dinheiro,"273,06","Peso abaixo do ideal, sugerir dieta."
21/08/2025,Juliana Azevedo,483.520.197-32,(21) 97556-2654,24554-464,16/08/1989,Maria Vitória,Labrador,Cachorro,22/05/2024,Fêmea,"26,01",Dr. Lucas,Exame de fezes,Dinheiro,"86,60","Paciente estável, sem sinais vitais alterados."
10/11/2024,Anna Liz Gonçalves,516.708.324-90,(21) 99419-7807,27905-483,27/08/1983,Kevin,Lop,Coelho,15/12/2018,Fêmea,"4,02",Dra. Julia,Banho e tosa,Crédito,"78,96","Vacinação atualizada, sem reações."
12/10/2025,Zoe Almeida,036.548.971-93,(21) 96033-5497,20803-932,15/06/1985,Heloísa,Canário,Pássaro,27/08/2021,Fêmea,"0,83",Dr. Lucas,Consulta veterinária,Crédito,"129,02",Necessário retorno para avaliação em 15 dias.
19/10/2025,Diego Sousa,248.960.173-31,(21) 97365-7690,25260-686,22/05/1995,Ana Clara,Anão russo,Hamster,11/11/2022,Fêmea,"0,22",Dra. Millena,Microchipagem,Pix,"105,77","Peso abaixo do ideal, sugerir dieta."
01/10/2025,Sr. Liam Da Costa,529.678.410-30,(21) 98446-7240,28692-301,03/04/1981,Lavínia,Netherland Dwarf,Coelho,14/07/2022,Macho,"1,39",Dr. Lucas,Eutanásia,Dinheiro,"492,78",Sinais de melhoria após tratamento.
10/11/2024,João Miguel Rocha,678.321.045-62,(21) 97892-9889,26770-055,24/12/1988,João Pedro,Calopsita,Pássaro,17/07/2015,Fêmea,"0,72",Dra. Millena,Exame de sangue,Crédito,"137,14",Encaminhado para especialista.
24/11/2024,Srta. Ana Beatriz Ribeiro,863.172.950-77,(21) 96269-6482,25401-096,15/06/1988,Liz,Lop,Coelho,26/09/2021,Macho,"3,45",Dra. Millena,Ultrassonografia,Dinheiro,"267,53","Paciente estável, sem sinais vitais alterados."
18/05/2025,Ana Julia Pereira,654.820.317-80,(21) 97205-2524,23630-414,03/12/1990,Enzo,Canário,Pássaro,06/05/2006,Macho,"1,33",Dra. Millena,Limpeza dental,Pix,"390,23",Recomendada medicação antibiótica por 7 dias.
09/10/2025,Cauê Brito,860.742.591-94,(21) 97837-8685,20086-927,19/07/1992,Caio,SRD,Coelho,24/07/2023,Fêmea,"5,55",Dra. Millena,Consulta veterinária,Crédito,"171,42",Necessário retorno para avaliação em 15 dias.
09/08/2025,Henrique Sousa,431.572.098-41,(21) 97697-8461,23185-735,18/04/1985,Maria,Anão russo,Hamster,04/09/2023,Macho,"0,28",Dra. Millena,Consulta veterinária,Pix,"123,56",Encaminhado para especialista.
08/05/2025,Hellena Da Mata,967.025.318-77,(21) 99016-3938,25442-801,11/07/1958,Yuri,Golden Retriever,Cachorro,15/07/2015,Fêmea,"3,40",Dr. Lucas,Exame de fezes,Dinheiro,"115,35",Encaminhado para especialista.
25/10/2025,Dr. Bruno Farias,026.751.948-67,(21) 99935-8102,25934-650,16/11/1964,Lunna,Anão russo,Hamster,08/09/2025,Macho,"0,24",Dra. Julia,Eutanásia,Débito,"303,99","Peso abaixo do ideal, sugerir dieta."
06/01/2025,Esther Duarte,418.965.370-57,(21) 99506-4826,26730-044,12/11/1984,João Lucas,Papagaio,Pássaro,14/07/2009,Fêmea,"1,77",Dr. Lucas,Banho e tosa,Pix,"75,26",Necessário retorno para avaliação em 15 dias.
19/10/2025,Maria Clara Aparecida,740.693.182-40,(21) 97768-2527,21582-762,23/01/2007,Agatha,Canário,Pássaro,19/05/2022,Macho,"1,31",Dr. Lucas,Consulta veterinária,Crédito,"166,46","Vacinação atualizada, sem reações."
13/10/2025,Sr. Danilo Vasconcelos,239.850.167-12,(21) 96156-5349,21776-610,29/03/1990,Mariana,Lop,Coelho,25/05/2021,Macho,"3,42",Dra. Millena,Microchipagem,Dinheiro,"110,36",Recomendada medicação antibiótica por 7 dias.
24/07/2025,Cecilia Pires,743.821.659-46,(21) 98267-8753,28698-352,24/05/1983,Cauã,Netherland Dwarf,Coelho,18/03/2022,Fêmea,"3,65",Dr. Lucas,Internação diária,Dinheiro,"129,07",Recomendada medicação antibiótica por 7 dias.
10/04/2025,Raul Pinto,462.587.310-07,(21) 96877-8953,28834-135,03/07/2002,Vitória,Papagaio,Pássaro,13/08/2019,Macho,"0,33",Dr. Lucas,Exame de fezes,Pix,"97,12","Paciente estável, sem sinais vitais alterados."
17/10/2025,Cecilia Pires,743.821.659-46,(21) 98267-8753,28698-352,24/05/1983,Cauã,Netherland Dwarf,Coelho,24/03/2018,Fêmea,"1,50",Dra. Millena,Banho e tosa,Crédito,"93,06","Peso abaixo do ideal, sugerir dieta."
25/10/2025,Sr. Liam Da Costa,529.678.410-30,(21) 98446-7240,28692-301,03/04/1981,Kamilly,Sírio,Hamster,02/09/2023,Fêmea,"0,06",Dra. Julia,Microchipagem,Crédito,"85,60","Ferida cicatrizando, curativo semanal."
27/10/2025,Ísis Garcia,437.286.910-03,(21) 98486-8957,27242-424,11/09/1984,Rhavi,Shih Tzu,Cachorro,10/12/2019,Fêmea,"22,40",Dra. Millena,Microchipagem,Pix,"149,46","Peso abaixo do ideal, sugerir dieta."
27/05/2025,Helena Mendes,830.294.756-38,(21) 97682-1715,25968-692,27/12/2001,Nina,Ragdoll,Gato,12/05/2008,Macho,"4,25",Dr. Lucas,Limpeza dental,Crédito,"391,64","Peso abaixo do ideal, sugerir dieta."
01/09/2025,Heloisa Ramos,471.582.630-53,(21) 96263-4505,26797-417,10/04/1986,Pedro Henrique,Sírio,Hamster,30/05/2023,Fêmea,"0,27",Dra. Millena,Vacinação,Débito,"114,89",Sedação leve para procedimento indicado.
08/09/2025,Dr. Augusto Nunes,879.053.261-95,(21) 99281-4271,22267-893,08/03/1980,Melina,Anão russo,Hamster,08/02/2023,Macho,"0,20",Dra. Julia,Raio-X,Pix,"272,62","Ferida cicatrizando, curativo semanal."
09/06/2025,Rael Ferreira,412.739.850-79,(21) 99681-1153,27622-922,21/08/1983,Ana Julia,Shih Tzu,Cachorro,11/02/2017,Fêmea,"32,38",Dra. Julia,Ultrassonografia,Dinheiro,"264,12","Ferida cicatrizando, curativo semanal."
15/07/2025,Guilherme Vieira,184.295.630-24,(21) 96515-4990,23362-070,21/07/2001,Diogo,Papagaio,Pássaro,03/02/2012,Macho,"0,26",Dr. Lucas,Ultrassonografia,Dinheiro,"237,64",Recomendada medicação antibiótica por 7 dias.
03/06/2025,Otto Freitas,180.736.294-96,(21) 96423-8381,25626-731,13/08/1980,José,Maine Coon,Gato,13/03/2021,Fêmea,"7,38",Dra. Millena,Castração,Débito,"389,33",Recomendada medicação antibiótica por 7 dias.
20/01/2025,Srta. Ana Liz Rios,745.289.016-76,(21) 97438-6724,22419-241,28/07/1992,Luan,Lop,Coelho,15/02/2022,Fêmea,"2,80",Dra. Julia,Banho e tosa,Pix,"146,38","Paciente estável, sem sinais vitais alterados."
19/10/2025,Daniel Araújo,839.540.721-14,(21) 97920-2118,27245-646,09/01/1992,Pietra,Canário,Pássaro,28/05/2016,Fêmea,"1,50",Dra. Millena,Emergência 24h,Débito,"271,59","Peso abaixo do ideal, sugerir dieta."
06/03/2025,Emanuella Aparecida,972.036.854-38,(21) 98718-7325,22492-507,27/02/1975,Clara,Anão russo,Hamster,07/11/2022,Macho,"0,19",Dr. Lucas,Castração,Dinheiro,"251,98",Encaminhado para especialista.
08/11/2024,Dr. Augusto Nunes,879.053.261-95,(21) 99281-4271,22267-893,08/03/1980,Lucas Gabriel,SRD,Cachorro,17/08/2018,Macho,"28,17",Dr. Lucas,Ultrassonografia,Pix,"190,00",Necessário retorno para avaliação em 15 dias.
12/07/2025,Mirella Freitas,208.937.456-00,(21) 99954-4020,20841-258,16/09/1964,Alexandre,Maine Coon,Gato,25/02/2009,Fêmea,"4,54",Dra. Millena,Vacinação,Crédito,"153,20",Sinais de melhoria após tratamento.
24/10/2025,Letícia Porto,270.569.148-02,(21) 97084-3340,22287-252,23/06/2001,Mariane,Periquito,Pássaro,10/05/2014,Macho,"0,23",Dra. Millena,Vacinação,Crédito,"167,09","Vacinação atualizada, sem reações."
15/03/2025,Sra. Isabel Nascimento,706.251.394-61,(21) 97535-6873,27056-149,23/01/1987,Theo,Netherland Dwarf,Coelho,07/04/2022,Macho,"3,81",Dra. Millena,Exame de fezes,Dinheiro,"72,16",Recomendada medicação antibiótica por 7 dias.
10/10/2025,Davi Lucca Garcia,248.905.361-24,(21) 96497-8941,20472-996,08/11/1992,Sofia,Anão russo,Hamster,04/09/2023,Fêmea,"0,18",Dra. Julia,Raio-X,Pix,"152,98",Realizar exames laboratoriais complementares.
03/10/2025,Anthony Gabriel Santos,748.012.536-44,(21) 98687-3417,20090-914,30/03/2008,Mariah,Anão russo,Hamster,14/05/2024,Fêmea,"0,11",Dra. Millena,Vacinação,Crédito,"125,47",Sedação leve para procedimento indicado.
14/10/2025,Ravi Garcia,593.820.164-06,(21) 98885-4150,21139-046,28/09/1991,Antony,Papagaio,Pássaro,01/05/2019,Fêmea,"1,37",Dra. Millena,Vacinação,Pix,"119,42",Realizar exames laboratoriais complementares.
13/10/2025,Raul Nascimento,518.302.467-71,(21) 98859-3615,26924-348,18/05/1994,João Lucas,Sírio,Hamster,25/11/2024,Macho,"0,24",Dra. Julia,Internação diária,Pix,"230,13","Ferida cicatrizando, curativo semanal."
28/10/2025,Olívia Da Luz,058.793.246-56,(21) 96118-5381,22955-279,14/05/2005,Stella,Persa,Gato,03/01/2024,Macho,"3,42",Dra. Julia,Emergência 24h,Débito,"274,27",Recomendada medicação antibiótica por 7 dias.
03/06/2025,Sr. Danilo Vasconcelos,239.850.167-12,(21) 96156-5349,21776-610,29/03/1990,Mariana,Lop,Coelho,30/03/2020,Macho,"3,55",Dra. Millena,Eutanásia,Crédito,"335,01",Necessário retorno para avaliação em 15 dias.
14/07/2025,Enzo Silveira,805.641.392-89,(21) 96681-8269,24906-925,10/10/1990,Enzo Gabriel,Labrador,Cachorro,27/07/2011,Fêmea,"3,18",Dra. Julia,Castração,Pix,"702,38","Ferida cicatrizando, curativo semanal."
08/10/2025,Joaquim Freitas,918.476.205-58,(21) 96779-7669,21545-099,05/04/1989,Lunna,Sírio,Hamster,10/06/2024,Macho,"0,29",Dra. Millena,Ultrassonografia,Dinheiro,"286,34","Peso abaixo do ideal, sugerir dieta."
02/06/2025,Juan Lopes,784.905.231-50,(21) 96864-2084,25155-217,14/12/1987,Julia,Siamês,Gato,29/12/2010,Macho,"2,89",Dra. Julia,Castração,Pix,"398,74",Necessário retorno para avaliação em 15 dias.
25/10/2025,Sra. Maria Isis Ribeiro,369.870.251-77,(21) 99482-5941,21983-815,17/05/1978,Arthur Gabriel,Poodle,Cachorro,06/07/2012,Fêmea,"3,18",Dra. Millena,Raio-X,Pix,"254,94",Realizar exames laboratoriais complementares.
05/10/2025,Ana Julia Pereira,654.820.317-80,(21) 97205-2524,23630-414,03/12/1990,Esther,Canário,Pássaro,12/04/2015,Fêmea,"1,27",Dr. Lucas,Eutanásia,Crédito,"250,27","Peso abaixo do ideal, sugerir dieta."
04/10/2025,Pedro Miguel Ribeiro,910.864.723-22,(21) 97033-6153,25296-118,23/02/1967,João Felipe,SRD,Coelho,27/11/2017,Macho,"3,85",Dr. Lucas,Internação diária,Dinheiro,"217,46",Recomendada medicação antibiótica por 7 dias.
12/10/2025,Bárbara Nunes,081.679.423-50,(21) 98409-1344,23770-602,08/11/1997,Yasmin,Anão russo,Hamster,31/12/2024,Fêmea,"0,17",Dra. Julia,Internação diária,Pix,"125,74",Necessário retorno para avaliação em 15 dias.
15/09/2025,Sra. Sofia Das Neves,356.082.497-47,(21) 97295-8491,21188-009,19/09/1982,Noah,Sírio,Hamster,18/05/2023,Macho,"0,04",Dr. Lucas,Castração,Dinheiro,"484,47",Recomendada medicação antibiótica por 7 dias.
26/10/2025,Dra. Anna Liz Montenegro,236.549.870-10,(21) 99577-7397,27702-044,01/07/1989,Aurora,Shih Tzu,Cachorro,27/07/2015,Macho,"36,99",Dra. Julia,Consulta com especialista,Crédito,"252,59",Sinais de melhoria após tratamento.
12/11/2024,Anthony Gabriel Santos,748.012.536-44,(21) 98687-3417,20090-914,30/03/2008,Mariah,Anão russo,Hamster,02/03/2024,Fêmea,"0,29",Dra. Millena,Emergência 24h,Pix,"265,94","Paciente estável, sem sinais vitais alterados."
14/09/2025,Maria Sophia Leão,627.198.530-03,(21) 99458-5846,21657-519,16/10/2001,Maysa,Calopsita,Pássaro,26/10/2009,Macho,"1,98",Dr. Lucas,Consulta veterinária,Pix,"161,63",Sinais de melhoria após tratamento.
10/01/2025,Dra. Anna Liz Montenegro,236.549.870-10,(21) 99577-7397,27702-044,01/07/1989,Pietro,SRD,Gato,21/05/2008,Macho,"3,64",Dr. Lucas,Vacinação,Pix,"93,15",Encaminhado para especialista.
25/08/2025,José Costa,824.169.537-37,(21) 99038-3076,26897-538,07/03/1998,Pedro,Siamês,Gato,19/05/2012,Fêmea,"2,13",Dra. Julia,Limpeza dental,Crédito,"371,11",Encaminhado para especialista.
18/10/2025,Lucas Gabriel Vargas,487.205.319-23,(21) 97837-9786,22296-432,04/07/1986,Ana Cecília,Anão russo,Hamster,12/10/2024,Macho,"0,24",Dra. Millena,Limpeza dental,Dinheiro,"351,41",Sedação leve para procedimento indicado.
22/10/2025,Giovanna Vargas,950.678.421-30,(21) 98635-8504,20510-062,09/04/1967,Natália,Sírio,Hamster,21/12/2023,Macho,"0,21",Dra. Julia,Eutanásia,Pix,"314,14",Realizar exames laboratoriais complementares.
04/10/2025,Henrique Araújo,746.598.302-92,(21) 99804-4470,28835-773,28/05/2006,Ísis,SRD,Cachorro,12/06/2017,Macho,"33,74",Dra. Millena,Raio-X,Débito,"292,87","Ferida cicatrizando, curativo semanal."
29/06/2025,Augusto Duarte,169.850.347-48,(21) 97784-8616,24397-330,21/06/1977,Nathan,Persa,Gato,20/01/2024,Macho,"3,91",Dra. Millena,Limpeza dental,Pix,"219,64","Peso abaixo do ideal, sugerir dieta."
17/10/2025,Anna Liz Freitas,823.145.967-73,(21) 99851-9991,28647-433,09/07/1991,Maria Julia,Poodle,Cachorro,22/06/2012,Macho,"10,98",Dra. Julia,Exame de sangue,Pix,"190,89","Paciente estável, sem sinais vitais alterados."
04/10/2025,Breno Sales,249.538.670-92,(21) 99309-8260,21604-051,02/11/1983,Manuella,Periquito,Pássaro,29/04/2016,Fêmea,"1,99",Dr. Lucas,Exame de fezes,Dinheiro,"77,06","Ferida cicatrizando, curativo semanal."
02/10/2025,Pedro Miguel Ribeiro,910.864.723-22,(21) 97033-6153,25296-118,23/02/1967,João Felipe,SRD,Coelho,10/02/2024,Macho,"3,34",Dra. Millena,Banho e tosa,Dinheiro,"84,92",Realizar exames laboratoriais complementares.
28/10/2025,Bárbara Nunes,081.679.423-50,(21) 98409-1344,23770-602,08/11/1997,Yasmin,Anão russo,Hamster,08/06/2025,Fêmea,"0,10",Dra. Millena,Vacinação,Pix,"113,35",Sinais de melhoria após tratamento.
24/10/2025,Igor Melo,481.325.697-09,(21) 96518-9751,24494-046,18/06/1962,Fernando,Anão russo,Hamster,20/02/2024,Fêmea,"0,21",Dra. Millena,Emergência 24h,Débito,"334,49",Sedação leve para procedimento indicado.
07/08/2025,Isaac Vasconcelos,652.014.397-99,(21) 96398-2902,23846-908,20/03/1988,Laura,Periquito,Pássaro,14/12/2014,Macho,"0,07",Dr. Lucas,Microchipagem,Dinheiro,"117,66",Sedação leve para procedimento indicado.
14/10/2025,Maria Helena Peixoto,109.756.328-68,(21) 99452-6313,20916-234,12/04/2004,Mirella,Sírio,Hamster,10/12/2024,Fêmea,"0,16",Dra. Millena,Banho e tosa,Crédito,"140,29","Ferida cicatrizando, curativo semanal."
10/07/2025,Luísa Nunes,687.059.143-10,(21) 99427-2816,28189-611,20/02/1980,Kaique,Golden Retriever,Cachorro,30/10/2014,Macho,"23,55",Dra. Millena,Consulta veterinária,Crédito,"165,63",Encaminhado para especialista.
03/10/2025,Zoe Almeida,036.548.971-93,(21) 96033-5497,20803-932,15/06/1985,Heloísa,Canário,Pássaro,27/11/2013,Fêmea,"0,44",Dra. Julia,Castração,Pix,"706,80","Peso abaixo do ideal, sugerir dieta."
28/10/2025,Sr. Arthur Dias,069.342.187-87,(21) 99871-8237,25661-601,20/11/1986,Noah,Papagaio,Pássaro,15/07/2009,Fêmea,"0,69",Dra. Millena,Microchipagem,Pix,"80,92","Vacinação atualizada, sem reações."
11/09/2025,Diego Sousa,248.960.173-31,(21) 97365-7690,25260-686,22/05/1995,Ana Clara,Anão russo,Hamster,25/11/2024,Fêmea,"0,17",Dra. Julia,Eutanásia,Pix,"414,28",Realizar exames laboratoriais complementares.
05/05/2025,Zoe Vasconcelos,165.739.804-84,(21) 98948-3041,24920-519,25/05/1987,Fernanda,Siamês,Gato,20/11/2012,Fêmea,"3,21",Dr. Lucas,Exame de sangue,Pix,"140,38",Encaminhado para especialista.
31/05/2025,Ian Câmara,160.839.452-24,(21) 96234-6138,20821-598,20/08/1984,Otto,Anão russo,Hamster,10/02/2025,Fêmea,"0,06",Dr. Lucas,Exame de fezes,Crédito,"69,67","Paciente estável, sem sinais vitais alterados."
04/10/2025,Mariana Andrade,104.965.823-05,(21) 99037-1409,24506-250,24/11/1996,Marcelo,Maine Coon,Gato,09/12/2013,Macho,"6,89",Dr. Lucas,Raio-X,Pix,"193,01","Ferida cicatrizando, curativo semanal."
10/10/2025,Vicente Nascimento,816.492.075-49,(21) 96836-5272,25147-244,28/11/1995,João Lucas,Anão russo,Hamster,05/07/2024,Fêmea,"0,26",Dra. Millena,Ultrassonografia,Pix,"251,10",Recomendada medicação antibiótica por 7 dias.
21/04/2025,Raul Nascimento,518.302.467-71,(21) 98859-3615,26924-348,18/05/1994,Alícia,Sírio,Hamster,16/07/2024,Macho,"0,29",Dra. Millena,Exame de sangue,Débito,"157,72",Necessário retorno para avaliação em 15 dias.
13/06/2025,Dra. Clarice Farias,509.826.317-40,(21) 99567-7717,22529-076,17/05/1992,Ana Vitória,Netherland Dwarf,Coelho,06/07/2018,Macho,"5,70",Dra. Millena,Emergência 24h,Pix,"307,23",Sedação leve para procedimento indicado.
28/11/2024,Yasmin Alves,670.329.148-96,(21) 99225-3608,21771-391,23/07/1964,João,Anão russo,Hamster,24/10/2024,Fêmea,"0,24",Dr. Lucas,Vacinação,Dinheiro,"172,95","Vacinação atualizada, sem reações."
15/08/2025,Agatha Ribeiro,807.925.461-30,(21) 97065-1823,26211-335,19/05/1990,Bárbara,Bulldog,Cachorro,06/12/2015,Macho,"30,53",Dra. Millena,Vacinação,Crédito,"85,99","Ferida cicatrizando, curativo semanal."
01/10/2025,Ana Sophia Machado,467.935.081-48,(21) 98212-3129,24106-817,29/08/2000,Davi Luiz,Ragdoll,Gato,29/05/2016,Macho,"7,45",Dra. Millena,Microchipagem,Débito,"134,92","Paciente estável, sem sinais vitais alterados."
27/10/2025,Zoe Almeida,036.548.971-93,(21) 96033-5497,20803-932,15/06/1985,Ana Carolina,Papagaio,Pássaro,09/10/2014,Fêmea,"1,11",Dra. Millena,Microchipagem,Débito,"88,92",Sedação leve para procedimento indicado.
01/11/2024,Srta. Sara Moreira,125.387.904-41,(21) 96134-5583,26070-222,05/05/1993,Zoe,SRD,Cachorro,20/05/2012,Macho,"15,86",Dr. Lucas,Eutanásia,Pix,"340,87",Realizar exames laboratoriais complementares.
09/10/2025,Gustavo Silva,893.461.572-91,(21) 98078-6766,21215-317,07/10/1999,Valentim,Netherland Dwarf,Coelho,08/02/2025,Macho,"2,47",Dra. Julia,Limpeza dental,Débito,"228,75",Necessário retorno para avaliação em 15 dias.
27/01/2025,Dra. Ana Liz Santos,075.316.842-17,(21) 99056-2503,28691-220,18/05/1986,Davi Lucca,Lop,Coelho,12/02/2024,Fêmea,"3,62",Dra. Millena,Vacinação,Pix,"104,52",Sedação leve para procedimento indicado.
23/10/2025,Melina Teixeira,876.014.235-90,(21) 99080-5558,26906-258,26/10/2002,Ágatha,Labrador,Cachorro,09/06/2017,Macho,"32,57",Dra. Millena,Castração,Débito,"767,64",Recomendada medicação antibiótica por 7 dias.
15/10/2025,Mariah Da Cruz,714.385.069-10,(21) 99493-2874,23522-440,09/04/1993,Enzo,Persa,Gato,09/08/2008,Macho,"4,36",Dr. Lucas,Consulta com especialista,Pix,"329,04",Sedação leve para procedimento indicado.
21/10/2025,Vitória Castro,980.527.461-67,(21) 97794-7118,28479-462,05/10/1993,Nina,Periquito,Pássaro,09/05/2009,Macho,"0,50",Dr. Lucas,Castração,Pix,"566,42",Sinais de melhoria após tratamento.
31/01/2025,Maria Sophia Leão,627.198.530-03,(21) 99458-5846,21657-519,16/10/2001,Maysa,Calopsita,Pássaro,26/02/2012,Macho,"1,97",Dra. Julia,Ultrassonografia,Pix,"332,62",Encaminhado para especialista.
28/06/2025,Zoe Farias,036.279.518-59,(21) 96328-9320,23044-070,14/04/1993,Clara,Persa,Gato,29/06/2023,Macho,"7,85",Dr. Lucas,Limpeza dental,Pix,"293,98","Vacinação atualizada, sem reações."
26/10/2025,Renan Machado,957.486.321-28,(21) 98297-8007,20158-114,31/01/1996,Amanda,Canário,Pássaro,07/06/2010,Fêmea,"0,94",Dra. Millena,Vacinação,Dinheiro,"175,28",Necessário retorno para avaliação em 15 dias.
22/03/2025,Dr. Alexandre Da Paz,263.481.059-89,(21) 99951-3683,25096-110,17/01/1991,Gael Henrique,Netherland Dwarf,Coelho,05/10/2020,Macho,"4,52",Dr. Lucas,Eutanásia,Crédito,"461,44",Recomendada medicação antibiótica por 7 dias.
17/10/2025,Matheus Da Costa,169.783.204-04,(21) 99191-6456,22754-078,07/02/1997,Antônio,Golden Retriever,Cachorro,02/05/2017,Macho,"8,35",Dra. Millena,Limpeza dental,Dinheiro,"318,43","Peso abaixo do ideal, sugerir dieta."
17/10/2025,Dr. Erick Vasconcelos,153.860.247-44,(21) 99061-6352,26807-179,06/05/1983,Henry Gabriel,Canário,Pássaro,24/10/2017,Fêmea,"1,33",Dr. Lucas,Consulta veterinária,Crédito,"125,14",Sinais de melhoria após tratamento.
27/08/2025,Laís Souza,623.148.509-98,(21) 99894-9779,23033-196,20/06/1985,Ana Laura,Papagaio,Pássaro,26/08/2023,Macho,"0,77",Dra. Julia,Vacinação,Dinheiro,"114,22","Ferida cicatrizando, curativo semanal."
26/10/2025,Rebeca Caldeira,824.067.935-83,(21) 99293-3881,28486-475,05/09/1993,Beatriz,Anão russo,Hamster,25/12/2022,Fêmea,"0,28",Dr. Lucas,Banho e tosa,Pix,"132,09",Realizar exames laboratoriais complementares.
17/07/2025,Mariah Da Cruz,714.385.069-10,(21) 99493-2874,23522-440,09/04/1993,Enzo,Persa,Gato,27/04/2023,Macho,"5,17",Dra. Millena,Emergência 24h,Crédito,"373,08",Encaminhado para especialista.
12/10/2025,Hellena Da Mata,967.025.318-77,(21) 99016-3938,25442-801,11/07/1958,Dante,Lop,Coelho,06/03/2019,Macho,"1,29",Dra. Julia,Banho e tosa,Dinheiro,"139,05",Realizar exames laboratoriais complementares.
22/07/2025,Laís Freitas,174.938.250-41,(21) 99113-3504,21234-181,08/03/1959,Maysa,Papagaio,Pássaro,07/06/2018,Macho,"1,91",Dra. Julia,Castração,Crédito,"391,90",Sinais de melhoria após tratamento.
15/10/2025,Joaquim Caldeira,241.809.375-14,(21) 99684-7311,23114-260,08/11/1987,João Miguel,Shih Tzu,Cachorro,04/03/2015,Fêmea,"30,00",Dra. Millena,Internação diária,Crédito,"204,78","Ferida cicatrizando, curativo semanal."
01/10/2025,Joaquim Caldeira,241.809.375-14,(21) 99684-7311,23114-260,08/11/1987,João Miguel,Shih Tzu,Cachorro,12/01/2017,Fêmea,"14,75",Dra. Julia,Limpeza dental,Débito,"344,39",Encaminhado para especialista.
29/09/2025,Ravi Campos,932.740.856-00,(21) 99437-4266,20333-636,08/03/1996,Maria Vitória,Labrador,Cachorro,18/06/2025,Fêmea,"38,78",Dra. Millena,Consulta com especialista,Dinheiro,"297,43",Realizar exames laboratoriais complementares.
29/09/2025,Murilo Teixeira,658.701.243-44,(21) 98424-7455,20444-085,14/03/1996,Alice,Calopsita,Pássaro,19/12/2020,Macho,"1,12",Dr. Lucas,Raio-X,Crédito,"282,14","Vacinação atualizada, sem reações."
16/11/2024,Heitor Vargas,974.013.682-69,(21) 99112-8242,20845-208,11/06/1996,Davi Miguel,Sphynx,Gato,25/10/2017,Fêmea,"5,50",Dra. Millena,Consulta com especialista,Débito,"204,76",Sinais de melhoria após tratamento.
29/04/2025,Zoe Vasconcelos,165.739.804-84,(21) 98948-3041,24920-519,25/05/1987,Kamilly,Netherland Dwarf,Coelho,26/09/2020,Macho,"2,77",Dr. Lucas,Limpeza dental,Pix,"347,61",Sedação leve para procedimento indicado.
16/02/2025,Hellena Da Mata,967.025.318-77,(21) 99016-3938,25442-801,11/07/1958,Dante,Lop,Coelho,15/06/2024,Macho,"2,36",Dra. Julia,Exame de fezes,Crédito,"114,73","Paciente estável, sem sinais vitais alterados."
26/10/2025,Aylla Dias,836.917.254-73,(21) 98820-8679,24982-716,24/02/1992,Maria Liz,Sphynx,Gato,11/01/2025,Fêmea,"2,96",Dr. Lucas,Banho e tosa,Crédito,"146,37",Recomendada medicação antibiótica por 7 dias.
25/10/2025,Cauê Brito,860.742.591-94,(21) 97837-8685,20086-927,19/07/1992,Apollo,Anão russo,Hamster,13/03/2023,Fêmea,"0,10",Dra. Millena,Banho e tosa,Pix,"76,90","Vacinação atualizada, sem reações."
25/04/2025,Nathan Garcia,673.512.048-53,(21) 96195-2996,23906-429,20/03/1981,Hadassa,Anão russo,Hamster,26/07/2022,Fêmea,"0,29",Dr. Lucas,Raio-X,Pix,"226,88",Sinais de melhoria após tratamento.
03/10/2025,Henrique Teixeira,374.601.982-69,(21) 98932-4257,28928-429,20/06/1982,Mariana,Anão russo,Hamster,01/01/2025,Macho,"0,06",Dr. Lucas,Banho e tosa,Dinheiro,"117,73","Paciente estável, sem sinais vitais alterados."
22/10/2025,Mariane Das Neves,863.947.512-19,(21) 97843-8777,24246-769,21/06/1980,Elisa,SRD,Cachorro,09/01/2020,Fêmea,"19,59",Dra. Millena,Vacinação,Crédito,"124,99",Sinais de melhoria após tratamento.
19/09/2025,Ravy Ferreira,278.914.365-09,(21) 99442-3704,27657-941,09/02/1981,Ayla,SRD,Coelho,29/08/2022,Macho,"4,23",Dra. Julia,Vacinação,Pix,"109,45",Sinais de melhoria após tratamento.
29/09/2025,Antônio Pinto,805.179.432-04,(21) 97637-9346,28785-339,30/06/1976,Aurora,Poodle,Cachorro,22/03/2022,Fêmea,"7,29",Dr. Lucas,Consulta veterinária,Dinheiro,"199,38","Ferida cicatrizando, curativo semanal."
22/10/2025,Dra. Ísis Leão,013.845.927-41,(21) 96130-7912,20488-095,05/01/1984,Stephany,Siamês,Gato,04/05/2018,Fêmea,"7,82",Dra. Millena,Emergência 24h,Crédito,"390,18",Encaminhado para especialista.
09/02/2025,Isaac Rocha,793.481.062-87,(21) 99816-5905,21697-961,14/09/1971,Clara,SRD,Gato,31/12/2011,Macho,"5,25",Dr. Lucas,Eutanásia,Dinheiro,"241,43","Peso abaixo do ideal, sugerir dieta."
02/08/2025,Alexandre Da Mota,231.647.508-62,(21) 98497-1986,21625-970,21/06/2006,Rael,Pinscher,Cachorro,05/01/2012,Macho,"12,62",Dr. Lucas,Limpeza dental,Pix,"469,03","Peso abaixo do ideal, sugerir dieta."
22/07/2025,Clarice Da Rosa,705.963.241-70,(21) 97399-4509,27967-196,18/08/1996,Vinicius,SRD,Coelho,04/03/2025,Fêmea,"4,83",Dra. Millena,Raio-X,Débito,"207,09",Realizar exames laboratoriais complementares.
21/10/2025,Giovanna Vargas,950.678.421-30,(21) 98635-8504,20510-062,09/04/1967,Isabella,Persa,Gato,07/09/2010,Macho,"2,74",Dr. Lucas,Internação diária,Débito,"195,03",Recomendada medicação antibiótica por 7 dias.
06/11/2024,Manuella Santos,217.853.096-68,(21) 98714-2501,23475-657,10/10/2000,Maria Julia,Netherland Dwarf,Coelho,02/06/2023,Macho,"4,49",Dra. Julia,Raio-X,Pix,"253,38",Necessário retorno para avaliação em 15 dias.
25/06/2025,Alícia Teixeira,695.437.081-93,(21) 99541-4878,22662-999,06/04/2007,Juliana,Poodle,Cachorro,28/09/2023,Macho,"11,81",Dr. Lucas,Limpeza dental,Pix,"316,58",Sinais de melhoria após tratamento.
30/04/2025,Thales Peixoto,687.194.203-31,(21) 99905-7132,22500-703,25/09/1977,Stephany,Anão russo,Hamster,10/12/2022,Fêmea,"0,30",Dra. Millena,Vacinação,Pix,"179,53",Recomendada medicação antibiótica por 7 dias.
24/10/2025,Alícia Borges,258.163.479-00,(21) 97633-8430,26815-747,01/06/1987,Stella,Labrador,Cachorro,04/05/2022,Fêmea,"22,67",Dra. Millena,Exame de fezes,Pix,"107,89",Necessário retorno para avaliação em 15 dias.
24/10/2025,João Pedro Santos,812.035.496-60,(21) 99657-6238,28849-082,24/04/1993,Sophie,Papagaio,Pássaro,19/03/2023,Fêmea,"1,93",Dra. Julia,Limpeza dental,Crédito,"490,81",Necessário retorno para avaliação em 15 dias.
08/10/2025,João Pedro Da Conceição,865.793.024-29,(21) 96721-8135,28548-988,07/02/1981,Alexandre,Calopsita,Pássaro,12/09/2021,Fêmea,"0,89",Dra. Julia,Exame de sangue,Dinheiro,"191,55","Ferida cicatrizando, curativo semanal."
25/03/2025,Murilo Teixeira,658.701.243-44,(21) 98424-7455,20444-085,14/03/1996,Alice,Calopsita,Pássaro,10/09/2012,Macho,"0,88",Dra. Julia,Exame de sangue,Dinheiro,"121,88","Ferida cicatrizando, curativo semanal."
24/07/2025,Lucas Gabriel Vargas,487.205.319-23,(21) 97837-9786,22296-432,04/07/1986,Ana Cecília,Anão russo,Hamster,23/12/2024,Macho,"0,21",Dra. Millena,Limpeza dental,Pix,"231,10","Ferida cicatrizando, curativo semanal."
08/10/2025,Sra. Sofia Das Neves,356.082.497-47,(21) 97295-8491,21188-009,19/09/1982,Noah,Sírio,Hamster,11/02/2024,Macho,"0,10",Dra. Julia,Consulta veterinária,Dinheiro,"174,14",Encaminhado para especialista.
19/06/2025,Otávio Ferreira,740.329.158-14,(21) 99723-8368,23084-329,23/08/1984,Esther,Calopsita,Pássaro,03/12/2011,Macho,"0,86",Dra. Julia,Consulta com especialista,Dinheiro,"242,60","Peso abaixo do ideal, sugerir dieta."
08/04/2025,Anna Liz Freitas,823.145.967-73,(21) 99851-9991,28647-433,09/07/1991,Maria Julia,Poodle,Cachorro,30/03/2019,Macho,"14,31",Dr. Lucas,Exame de sangue,Crédito,"127,76",Recomendada medicação antibiótica por 7 dias.
06/10/2025,Dr. Alexandre Da Paz,263.481.059-89,(21) 99951-3683,25096-110,17/01/1991,Gael Henrique,Netherland Dwarf,Coelho,09/07/2023,Macho,"1,17",Dra. Millena,Vacinação,Dinheiro,"85,69",Encaminhado para especialista.
07/12/2024,Ian Câmara,160.839.452-24,(21) 96234-6138,20821-598,20/08/1984,Otto,Anão russo,Hamster,03/06/2024,Fêmea,"0,05",Dra. Millena,Exame de sangue,Crédito,"174,24",Necessário retorno para avaliação em 15 dias.
03/04/2025,Srta. Maria Alice Viana,510.367.982-59,(21) 97265-1645,27222-034,20/09/1996,Rhavi,Sírio,Hamster,10/07/2024,Fêmea,"0,08",Dra. Julia,Exame de fezes,Débito,"66,81","Vacinação atualizada, sem reações."
09/10/2025,Allana Camargo,832.714.065-53,(21) 97482-7543,23593-141,12/10/1998,Kamilly,Persa,Gato,16/05/2020,Fêmea,"2,22",Dr. Lucas,Ultrassonografia,Dinheiro,"368,34","Vacinação atualizada, sem reações."
30/09/2025,Allana Camargo,832.714.065-53,(21) 97482-7543,23593-141,12/10/1998,Lívia,Siamês,Gato,13/05/2012,Fêmea,"3,04",Dr. Lucas,Vacinação,Débito,"107,39","Vacinação atualizada, sem reações."
02/04/2025,Hellena Da Mata,967.025.318-77,(21) 99016-3938,25442-801,11/07/1958,Dante,Lop,Coelho,21/07/2023,Macho,"3,53",Dra. Julia,Microchipagem,Pix,"112,04",Necessário retorno para avaliação em 15 dias.
15/10/2025,Ana Laura Novais,971.430.568-39,(21) 96314-5703,21479-629,16/03/1988,Lucas Gabriel,Papagaio,Pássaro,12/07/2025,Macho,"0,33",Dr. Lucas,Ultrassonografia,Débito,"262,68",Recomendada medicação antibiótica por 7 dias.
17/10/2025,Maria Clara Castro,341.670.952-70,(21) 96511-9785,26201-080,29/12/1979,Cauê,Anão russo,Hamster,06/06/2024,Macho,"0,27",Dra. Julia,Exame de sangue,Dinheiro,"139,27","Paciente estável, sem sinais vitais alterados."
28/10/2025,Henrique Teixeira,374.601.982-69,(21) 98932-4257,28928-429,20/06/1982,Lucas Gabriel,Poodle,Cachorro,30/03/2014,Macho,"18,76",Dra. Millena,Microchipagem,Crédito,"116,76",Necessário retorno para avaliação em 15 dias.
23/10/2025,Dra. Clarice Farias,509.826.317-40,(21) 99567-7717,22529-076,17/05/1992,Ana Vitória,Netherland Dwarf,Coelho,29/07/2024,Macho,"3,92",Dra. Millena,Ultrassonografia,Dinheiro,"216,44","Ferida cicatrizando, curativo semanal."
13/10/2025,Mathias Jesus,378.465.192-55,(21) 99580-2644,27213-102,01/11/1986,Liz,Lop,Coelho,09/07/2023,Macho,"2,67",Dra. Millena,Consulta com especialista,Dinheiro,"184,31","Peso abaixo do ideal, sugerir dieta."
17/10/2025,Luísa Nunes,687.059.143-10,(21) 99427-2816,28189-611,20/02/1980,Luiz Henrique,SRD,Coelho,20/05/2025,Fêmea,"5,62",Dra. Julia,Vacinação,Débito,"149,87","Vacinação atualizada, sem reações."
05/07/2025,Felipe Nascimento,679.304.128-22,(21) 98898-5059,27172-449,20/08/1981,Bento,SRD,Coelho,28/05/2023,Fêmea,"3,08",Dr. Lucas,Exame de sangue,Pix,"215,24",Realizar exames laboratoriais complementares.
08/10/2025,Thomas Monteiro,894.573.610-75,(21) 98986-9751,24010-167,15/12/1991,Mathias,Lop,Coelho,24/11/2021,Fêmea,"3,11",Dr. Lucas,Raio-X,Pix,"283,20","Vacinação atualizada, sem reações."
04/10/2025,Thomas Monteiro,894.573.610-75,(21) 98986-9751,24010-167,15/12/1991,Hadassa,Netherland Dwarf,Coelho,28/03/2018,Macho,"2,78",Dra. Julia,Eutanásia,Crédito,"342,85",Sedação leve para procedimento indicado.
18/10/2025,Ravi Garcia,593.820.164-06,(21) 98885-4150,21139-046,28/09/1991,Antony,Papagaio,Pássaro,14/04/2019,Fêmea,"0,98",Dr. Lucas,Internação diária,Crédito,"111,53",Sinais de melhoria após tratamento.
14/10/2025,Otto Freitas,180.736.294-96,(21) 96423-8381,25626-731,13/08/1980,Vitor Gabriel,Shih Tzu,Cachorro,27/01/2023,Macho,"1,55",Dra. Millena,Limpeza dental,Débito,"432,01","Ferida cicatrizando, curativo semanal."
21/10/2025,Cauê Brito,860.742.591-94,(21) 97837-8685,20086-927,19/07/1992,Apollo,Anão russo,Hamster,13/11/2024,Fêmea,"0,23",Dr. Lucas,Exame de sangue,Pix,"142,17",Sinais de melhoria após tratamento.
20/12/2024,Bárbara Nunes,081.679.423-50,(21) 98409-1344,23770-602,08/11/1997,Yasmin,Anão russo,Hamster,23/10/2023,Fêmea,"0,29",Dra. Millena,Emergência 24h,Dinheiro,"351,52","Ferida cicatrizando, curativo semanal."
21/05/2025,Sr. João Gabriel Viana,501.378.269-40,(21) 99229-6850,21106-353,17/09/1980,Theo,Sírio,Hamster,30/11/2022,Fêmea,"0,27",Dr. Lucas,Consulta veterinária,Crédito,"132,65",Realizar exames laboratoriais complementares.
11/10/2025,João Pedro Da Costa,439.678.152-00,(21) 98385-7049,22426-440,05/05/1991,Olívia,Poodle,Cachorro,11/06/2021,Fêmea,"1,16",Dra. Millena,Microchipagem,Débito,"130,77","Peso abaixo do ideal, sugerir dieta."
27/10/2025,Luna Da Costa,738.601.254-35,(21) 98437-3112,21388-317,25/05/1980,Sabrina,Calopsita,Pássaro,30/08/2017,Macho,"1,86",Dr. Lucas,Consulta com especialista,Crédito,"230,88","Peso abaixo do ideal, sugerir dieta."
19/06/2025,Henrique Sousa,431.572.098-41,(21) 97697-8461,23185-735,18/04/1985,Emilly,Anão russo,Hamster,08/08/2024,Macho,"0,16",Dra. Millena,Banho e tosa,Crédito,"133,39",Realizar exames laboratoriais complementares.
15/07/2025,Gustavo Gonçalves,354.018.627-17,(21) 96958-8355,28749-244,01/08/1985,Eloah,Sírio,Hamster,17/12/2022,Macho,"0,15",Dra. Millena,Castração,Crédito,"744,06","Vacinação atualizada, sem reações."
11/10/2025,Vinicius Marques,270.145.986-94,(21) 96282-7071,28289-663,03/03/1987,Levi,Canário,Pássaro,19/11/2005,Fêmea,"1,57",Dr. Lucas,Consulta veterinária,Pix,"194,71",Sinais de melhoria após tratamento.
11/10/2025,Leandro Fonseca,280.694.137-78,(21) 96681-4872,26658-497,08/10/1988,Cecília,Lop,Coelho,21/03/2019,Fêmea,"3,14",Dra. Millena,Ultrassonografia,Crédito,"211,83","Vacinação atualizada, sem reações."
14/10/2025,Isaac Rocha,793.481.062-87,(21) 99816-5905,21697-961,14/09/1971,Clara,SRD,Gato,16/03/2017,Macho,"5,93",Dr. Lucas,Raio-X,Crédito,"290,42","Ferida cicatrizando, curativo semanal."
20/09/2025,Bella Carvalho,427.698.051-85,(21) 99538-8651,20887-689,20/09/1980,Laís,SRD,Gato,18/06/2018,Macho,"2,85",Dra. Julia,Ultrassonografia,Pix,"262,61","Paciente estável, sem sinais vitais alterados."
31/01/2025,Henrique Teixeira,374.601.982-69,(21) 98932-4257,28928-429,20/06/1982,Lucas Gabriel,Poodle,Cachorro,08/05/2018,Macho,"5,59",Dra. Julia,Microchipagem,Crédito,"144,54",Sedação leve para procedimento indicado.
06/10/2025,Ravi Campos,932.740.856-00,(21) 99437-4266,20333-636,08/03/1996,Caroline,Ragdoll,Gato,09/11/2009,Fêmea,"7,03",Dra. Millena,Banho e tosa,Crédito,"67,62","Peso abaixo do ideal, sugerir dieta."
17/10/2025,Sarah Moura,347.612.958-64,(21) 96717-3785,21293-624,01/12/1959,Alice,Ragdoll,Gato,12/11/2014,Fêmea,"7,90",Dr. Lucas,Eutanásia,Crédito,"454,32",Encaminhado para especialista.
21/10/2025,Sra. Beatriz Rodrigues,083.519.462-06,(21) 99130-3248,24186-296,24/02/2000,Igor,Anão russo,Hamster,08/12/2023,Fêmea,"0,24",Dra. Millena,Vacinação,Dinheiro,"107,27",Sinais de melhoria após tratamento.
18/10/2025,Srta. Maria Alice Viana,510.367.982-59,(21) 97265-1645,27222-034,20/09/1996,Rhavi,Sírio,Hamster,16/08/2024,Fêmea,"0,10",Dr. Lucas,Vacinação,Crédito,"116,27","Paciente estável, sem sinais vitais alterados."
17/10/2025,Davi Lucca Garcia,248.905.361-24,(21) 96497-8941,20472-996,08/11/1992,Antony,Ragdoll,Gato,25/07/2023,Macho,"5,21",Dra. Julia,Eutanásia,Dinheiro,"243,12",Sedação leve para procedimento indicado.
07/10/2025,Dra. Clarice Farias,509.826.317-40,(21) 99567-7717,22529-076,17/05/1992,Ana Vitória,Netherland Dwarf,Coelho,10/04/2024,Macho,"3,01",Dr. Lucas,Banho e tosa,Débito,"132,67","Paciente estável, sem sinais vitais alterados."
12/10/2025,Olivia Sá,938.176.524-37,(21) 98789-8354,25295-884,27/08/1969,Cecilia,Golden Retriever,Cachorro,24/08/2014,Fêmea,"32,53",Dr. Lucas,Limpeza dental,Dinheiro,"403,11","Ferida cicatrizando, curativo semanal."
01/01/2025,Cecilia Pires,743.821.659-46,(21) 98267-8753,28698-352,24/05/1983,Cauã,Netherland Dwarf,Coelho,10/02/2023,Fêmea,"5,55",Dra. Julia,Limpeza dental,Dinheiro,"264,68","Paciente estável, sem sinais vitais alterados."
24/10/2025,Olivia Sá,938.176.524-37,(21) 98789-8354,25295-884,27/08/1969,Rebeca,SRD,Coelho,02/06/2021,Fêmea,"5,22",Dra. Julia,Eutanásia,Crédito,"325,17","Vacinação atualizada, sem reações."
22/10/2025,Anna Liz Gonçalves,516.708.324-90,(21) 99419-7807,27905-483,27/08/1983,Paulo,Periquito,Pássaro,25/04/2013,Macho,"0,35",Dr. Lucas,Emergência 24h,Pix,"208,14",Encaminhado para especialista.
24/10/2025,Arthur Pires,034.712.865-35,(21) 96918-6733,21124-799,26/10/1978,José Pedro,Sphynx,Gato,26/11/2021,Macho,"5,07",Dra. Millena,Internação diária,Débito,"130,05",Sinais de melhoria após tratamento.
10/01/2025,Ravi Campos,932.740.856-00,(21) 99437-4266,20333-636,08/03/1996,Caroline,Ragdoll,Gato,08/03/2024,Fêmea,"2,71",Dra. Julia,Banho e tosa,Dinheiro,"87,24","Peso abaixo do ideal, sugerir dieta."
11/07/2025,Srta. Ana Clara Ribeiro,169.428.530-89,(21) 97556-2519,21584-367,12/10/2005,Ana Vitória,SRD,Cachorro,11/11/2016,Macho,"16,00",Dr. Lucas,Exame de sangue,Dinheiro,"130,86","Peso abaixo do ideal, sugerir dieta."
02/10/2025,Sr. Arthur Dias,069.342.187-87,(21) 99871-8237,25661-601,20/11/1986,Rafaela,Netherland Dwarf,Coelho,03/12/2020,Macho,"2,83",Dr. Lucas,Raio-X,Pix,"201,68",Sinais de melhoria após tratamento.
22/10/2025,Maria Vitória Pires,438.105.679-57,(21) 97115-3546,24616-619,26/07/1990,Sophia,Periquito,Pássaro,03/03/2015,Macho,"1,64",Dr. Lucas,Castração,Pix,"711,17","Vacinação atualizada, sem reações."
11/10/2025,Josué Campos,671.450.893-00,(21) 98509-8251,28270-436,21/03/2001,Maria Cecília,Lop,Coelho,22/06/2022,Macho,"2,33",Dra. Julia,Emergência 24h,Dinheiro,"280,41",Encaminhado para especialista.
18/10/2025,Aurora Azevedo,237.094.516-80,(21) 97345-4817,22417-807,22/06/1979,Arthur Gabriel,SRD,Cachorro,17/10/2012,Fêmea,"2,52",Dr. Lucas,Ultrassonografia,Débito,"322,19",Realizar exames laboratoriais complementares.
10/09/2025,Isaac Cavalcante,317.640.529-43,(21) 99596-4946,21290-087,04/02/2008,Alícia,Sírio,Hamster,11/08/2025,Macho,"0,07",Dr. Lucas,Internação diária,Dinheiro,"114,53",Recomendada medicação antibiótica por 7 dias.
19/10/2025,Bárbara Nunes,081.679.423-50,(21) 98409-1344,23770-602,08/11/1997,Yasmin,Anão russo,Hamster,08/05/2025,Fêmea,"0,26",Dr. Lucas,Raio-X,Crédito,"175,47","Paciente estável, sem sinais vitais alterados."
11/02/2025,Pedro Miguel Ribeiro,910.864.723-22,(21) 97033-6153,25296-118,23/02/1967,João Felipe,SRD,Coelho,27/03/2018,Macho,"5,70",Dra. Millena,Microchipagem,Pix,"132,38","Paciente estável, sem sinais vitais alterados."
11/10/2025,Dr. Augusto Nunes,879.053.261-95,(21) 99281-4271,22267-893,08/03/1980,Lucas Gabriel,SRD,Cachorro,25/11/2010,Macho,"25,34",Dra. Julia,Limpeza dental,Débito,"339,26",Encaminhado para especialista.
22/06/2025,Esther Brito,473.916.805-75,(21) 99738-9317,21743-891,24/02/1980,Benício,Netherland Dwarf,Coelho,10/03/2018,Fêmea,"1,16",Dr. Lucas,Internação diária,Débito,"124,05","Peso abaixo do ideal, sugerir dieta."
12/10/2025,Maria Luísa Camargo,085.419.327-88,(21) 96420-9042,20200-587,28/03/1985,Gabriel,SRD,Coelho,19/09/2024,Fêmea,"1,63",Dr. Lucas,Exame de sangue,Pix,"116,79",Necessário retorno para avaliação em 15 dias.
08/10/2025,Yasmin Alves,670.329.148-96,(21) 99225-3608,21771-391,23/07/1964,José,Sírio,Hamster,01/07/2025,Macho,"0,29",Dra. Julia,Emergência 24h,Crédito,"281,96","Peso abaixo do ideal, sugerir dieta."
28/10/2025,Renan Machado,957.486.321-28,(21) 98297-8007,20158-114,31/01/1996,Ana,Pinscher,Cachorro,17/11/2022,Fêmea,"27,69",Dra. Julia,Eutanásia,Débito,"274,60",Sinais de melhoria após tratamento.
27/09/2025,Alícia Teixeira,695.437.081-93,(21) 99541-4878,22662-999,06/04/2007,Juliana,Poodle,Cachorro,14/03/2019,Macho,"29,32",Dra. Julia,Raio-X,Dinheiro,"215,72",Encaminhado para especialista.
14/10/2025,Maria Helena Peixoto,109.756.328-68,(21) 99452-6313,20916-234,12/04/2004,Maya,Maine Coon,Gato,30/11/2022,Macho,"4,31",Dra. Millena,Castração,Débito,"356,83",Sinais de melhoria após tratamento.
05/10/2025,Leandro Fonseca,280.694.137-78,(21) 96681-4872,26658-497,08/10/1988,Vinicius,Papagaio,Pássaro,02/02/2017,Fêmea,"0,74",Dra. Millena,Consulta veterinária,Dinheiro,"136,56",Sedação leve para procedimento indicado.
30/12/2024,Nathan Garcia,673.512.048-53,(21) 96195-2996,23906-429,20/03/1981,Hadassa,Anão russo,Hamster,02/10/2023,Fêmea,"0,04",Dr. Lucas,Consulta veterinária,Pix,"165,33","Vacinação atualizada, sem reações."
08/09/2025,Dr. Bruno Farias,026.751.948-67,(21) 99935-8102,25934-650,16/11/1964,Lunna,Anão russo,Hamster,26/04/2025,Macho,"0,10",Dr. Lucas,Exame de fezes,Pix,"61,39",Recomendada medicação antibiótica por 7 dias.
17/10/2025,Clarice Da Rosa,705.963.241-70,(21) 97399-4509,27967-196,18/08/1996,Vinicius,SRD,Coelho,02/04/2025,Fêmea,"3,33",Dra. Millena,Raio-X,Débito,"213,92","Peso abaixo do ideal, sugerir dieta."
07/04/2025,Eloá Siqueira,637.452.918-91,(21) 99708-8361,28410-150,12/07/2008,Thomas,Labrador,Cachorro,07/11/2017,Fêmea,"6,96",Dra. Millena,Emergência 24h,Pix,"219,27",Sedação leve para procedimento indicado.
27/10/2025,Maria Helena Peixoto,109.756.328-68,(21) 99452-6313,20916-234,12/04/2004,Mirella,Sírio,Hamster,10/08/2024,Fêmea,"0,07",Dr. Lucas,Consulta veterinária,Crédito,"125,84",Sedação leve para procedimento indicado.
26/10/2025,Esther Brito,473.916.805-75,(21) 99738-9317,21743-891,24/02/1980,Yan,Shih Tzu,Cachorro,29/10/2015,Macho,"3,14",Dra. Millena,Exame de fezes,Pix,"85,91","Paciente estável, sem sinais vitais alterados."
19/12/2024,Sophie Duarte,205.694.183-05,(21) 98146-7560,21288-405,26/05/1956,João Guilherme,Anão russo,Hamster,18/12/2022,Fêmea,"0,11",Dra. Julia,Consulta com especialista,Dinheiro,"214,34","Paciente estável, sem sinais vitais alterados."
24/10/2025,Sra. Gabriela Campos,681.293.754-19,(21) 98230-7018,25876-062,05/09/1994,Luiz Felipe,Netherland Dwarf,Coelho,04/06/2020,Macho,"1,16",Dr. Lucas,Internação diária,Pix,"155,40",Encaminhado para especialista.
21/03/2025,Otávio Câmara,936.871.420-78,(21) 98001-9280,24114-927,24/09/1978,Stephany,Pinscher,Cachorro,15/01/2021,Macho,"10,97",Dr. Lucas,Castração,Débito,"418,74","Vacinação atualizada, sem reações."
25/10/2025,Joaquim Freitas,918.476.205-58,(21) 96779-7669,21545-099,05/04/1989,Zoe,Anão russo,Hamster,11/09/2024,Macho,"0,17",Dra. Millena,Emergência 24h,Crédito,"295,35",Necessário retorno para avaliação em 15 dias.
10/03/2025,Ísis Moura,724.068.519-58,(21) 98906-7626,26843-296,22/05/2000,Ana Luiza,Calopsita,Pássaro,22/05/2018,Fêmea,"0,67",Dr. Lucas,Emergência 24h,Dinheiro,"357,07","Vacinação atualizada, sem reações."
